const_cd,const_nm,winner19,winner24,con24,green24,lab24,ld24,other24,pc24,ref24,snp24,con19,lab19,ld19,green19,snp19,pc19,brx19,other19
E14001063,Aldershot,con,lab,0.26,0.05,0.42,0.12,0.07,0,0.09,0,0.57,0.22,0.17,0.04,0,0,0,0
E14001064,Aldridge-Brownhills,con,lab,0.25,0.04,0.35,0.03,0,0,0.33,0,0.7,0.22,0.06,0.02,0,0,0.01,0.01
E14001065,Altrincham and Sale West,con,lab,0.25,0.05,0.5,0.09,0.01,0,0.09,0,0.48,0.37,0.11,0.03,0,0,0,0.01
E14001066,Amber Valley,con,lab,0.29,0.07,0.4,0.04,0,0,0.19,0,0.64,0.27,0.06,0.03,0,0,0,0
E14001067,Arundel and South Downs,con,con,0.34,0.08,0.22,0.18,0.01,0,0.17,0,0.6,0.16,0.19,0.04,0,0,0,0.01
E14001068,Ashfield,con,lab,0.16,0.03,0.37,0.03,0.17,0,0.25,0,0.39,0.26,0.02,0.01,0,0,0.05,0.27
E14001069,Ashford,con,lab,0.29,0.06,0.34,0.11,0.01,0,0.19,0,0.59,0.24,0.11,0.05,0,0,0,0.02
E14001070,Ashton-under-Lyne,lab,lab,0.16,0.04,0.62,0.03,0.01,0,0.14,0,0.36,0.48,0.04,0.03,0,0,0.09,0
E14001071,Aylesbury,con,ld,0.26,0.05,0.26,0.29,0.01,0,0.13,0,0.52,0.23,0.22,0.03,0,0,0.01,0
E14001072,Banbury,con,lab,0.24,0.09,0.34,0.13,0.01,0,0.19,0,0.52,0.25,0.2,0.03,0,0,0,0
E14001073,Barking,lab,lab,0.12,0.06,0.55,0.04,0.03,0,0.19,0,0.27,0.61,0.03,0.02,0,0,0.07,0
E14001074,Barnsley North,lab,lab,0.12,0.05,0.44,0.04,0.02,0,0.32,0,0.24,0.39,0.04,0.02,0,0,0.3,0.02
E14001075,Barnsley South,lab,lab,0.12,0.06,0.37,0.15,0.01,0,0.29,0,0.23,0.42,0.03,0.02,0,0,0.29,0.01
E14001076,Barrow and Furness,con,lab,0.24,0.03,0.57,0.04,0.01,0,0.11,0,0.53,0.38,0.05,0.02,0,0,0.03,0
E14001077,Basildon and Billericay,con,con,0.34,0.08,0.29,0.07,0.01,0,0.21,0,0.66,0.22,0.08,0.03,0,0,0,0.01
E14001078,Basingstoke,con,lab,0.23,0.05,0.49,0.09,0.01,0,0.13,0,0.53,0.29,0.13,0.04,0,0,0,0.01
E14001079,Bassetlaw,con,lab,0.26,0.03,0.49,0.04,0,0,0.18,0,0.54,0.28,0.07,0,0,0,0.11,0
E14001080,Bath,ld,ld,0.15,0.04,0.15,0.56,0.01,0,0.08,0,0.32,0.13,0.53,0,0,0,0.01,0.01
E14001081,Battersea,lab,lab,0.17,0.09,0.55,0.1,0.01,0,0.07,0,0.35,0.46,0.15,0.02,0,0,0.01,0
E14001082,Beaconsfield,con,con,0.3,0.05,0.28,0.13,0.04,0,0.19,0,0.55,0.1,0,0.04,0,0,0,0.31
E14001083,Beckenham and Penge,lab,lab,0.19,0.1,0.46,0.16,0,0,0.09,0,0.39,0.4,0.16,0.04,0,0,0.01,0
E14001084,Bedford,lab,lab,0.18,0.05,0.57,0.06,0.01,0,0.13,0,0.42,0.44,0.1,0.02,0,0,0.02,0
E14001085,Bermondsey and Old Southwark,lab,lab,0.12,0.1,0.45,0.21,0.06,0,0.06,0,0.17,0.5,0.31,0,0,0,0.02,0
E14001086,Bethnal Green and Stepney,lab,lab,0.07,0.07,0.65,0.07,0.07,0,0.06,0,0.1,0.74,0.09,0.04,0,0,0.02,0.01
E14001087,Beverley and Holderness,con,lab,0.3,0.05,0.34,0.09,0.06,0,0.17,0,0.61,0.25,0.09,0.02,0,0,0,0.03
E14001088,Bexhill and Battle,con,lab,0.32,0.05,0.4,0.1,0.01,0,0.12,0,0.62,0.21,0.13,0.04,0,0,0,0
E14001089,Bexleyheath and Crayford,con,lab,0.27,0.05,0.4,0.05,0,0,0.23,0,0.61,0.29,0.06,0.02,0,0,0.01,0.01
E14001090,Bicester and Woodstock,con,con,0.31,0.05,0.29,0.25,0.01,0,0.09,0,0.54,0.17,0.27,0.02,0,0,0,0
E14001091,Birkenhead,lab,lab,0.09,0.09,0.6,0.04,0.03,0,0.14,0,0.16,0.6,0.04,0.03,0,0,0.03,0.14
E14001092,Birmingham Edgbaston,lab,lab,0.16,0.05,0.57,0.08,0.02,0,0.12,0,0.35,0.52,0.07,0.03,0,0,0.02,0
E14001093,Birmingham Erdington,lab,lab,0.17,0.06,0.57,0.02,0.02,0,0.16,0,0.41,0.49,0.03,0.02,0,0,0.04,0
E14001094,Birmingham Hall Green and Moseley,lab,lab,0.09,0.05,0.63,0.07,0.06,0,0.1,0,0.15,0.66,0.07,0.02,0,0,0.02,0.08
E14001095,Birmingham Hodge Hill and Solihull North,lab,lab,0.13,0.05,0.52,0.04,0.12,0,0.13,0,0.29,0.6,0.04,0.03,0,0,0.03,0.01
E14001096,Birmingham Ladywood,lab,lab,0.08,0.08,0.66,0.03,0.06,0,0.09,0,0.1,0.83,0.03,0.02,0,0,0.02,0
E14001097,Birmingham Northfield,con,lab,0.2,0.04,0.54,0.06,0.01,0,0.16,0,0.46,0.43,0.05,0.02,0,0,0.04,0.01
E14001098,Birmingham Perry Barr,lab,lab,0.12,0.07,0.58,0.06,0.11,0,0.07,0,0.2,0.68,0.07,0.02,0,0,0.03,0
E14001099,Birmingham Selly Oak,lab,lab,0.16,0.09,0.56,0.05,0.03,0,0.11,0,0.32,0.56,0.06,0.04,0,0,0.03,0
E14001100,Birmingham Yardley,lab,lab,0.15,0.06,0.46,0.06,0.12,0,0.15,0,0.27,0.58,0.09,0.01,0,0,0.05,0
E14001101,Bishop Auckland,con,lab,0.24,0.04,0.48,0.03,0.01,0,0.2,0,0.53,0.37,0.04,0.01,0,0,0.06,0.01
E14001102,Blackburn,lab,lab,0.1,0.03,0.63,0.02,0.07,0,0.14,0,0.23,0.66,0.02,0.02,0,0,0.06,0.01
E14001103,Blackley and Middleton South,lab,lab,0.13,0.03,0.7,0.02,0,0,0.12,0,0.28,0.59,0.03,0.02,0,0,0.08,0
E14001104,Blackpool North and Fleetwood,con,lab,0.23,0.03,0.49,0.04,0.01,0,0.21,0,0.56,0.36,0.04,0.02,0,0,0.02,0.01
E14001105,Blackpool South,con,lab,0.2,0.03,0.56,0.03,0.01,0,0.17,0,0.49,0.4,0.04,0.02,0,0,0.05,0.01
E14001106,Blaydon and Consett,lab,lab,0.15,0.04,0.54,0.04,0.01,0,0.23,0,0.35,0.44,0.05,0.03,0,0,0.1,0.04
E14001107,Blyth and Ashington,lab,lab,0.14,0.04,0.62,0.04,0,0,0.15,0,0.33,0.48,0.06,0.03,0,0,0.09,0
E14001108,Bognor Regis and Littlehampton,con,lab,0.33,0.05,0.37,0.09,0.01,0,0.15,0,0.62,0.19,0.13,0.03,0,0,0,0.02
E14001109,Bolsover,con,lab,0.23,0.05,0.47,0.04,0,0,0.21,0,0.48,0.36,0.04,0.02,0,0,0.09,0.02
E14001110,Bolton North East,con,lab,0.2,0.04,0.45,0.06,0.02,0,0.23,0,0.45,0.42,0.04,0.02,0,0,0.07,0
E14001111,Bolton South and Walkden,lab,lab,0.13,0.05,0.52,0.04,0.09,0,0.17,0,0.32,0.57,0.04,0.02,0,0,0.05,0
E14001112,Bolton West,con,lab,0.25,0.04,0.47,0.06,0.01,0,0.18,0,0.57,0.35,0.06,0.02,0,0,0.01,0
E14001113,Bootle,lab,lab,0.05,0.03,0.82,0.03,0.01,0,0.07,0,0.09,0.79,0.04,0.02,0,0,0.05,0
E14001114,Boston and Skegness,con,con,0.36,0.03,0.29,0.06,0.03,0,0.23,0,0.76,0.16,0.05,0,0,0,0,0.03
E14001115,Bournemouth East,con,lab,0.22,0.06,0.46,0.08,0.02,0,0.16,0,0.51,0.33,0.11,0.04,0,0,0,0.02
E14001116,Bournemouth West,con,lab,0.23,0.07,0.46,0.06,0.02,0,0.16,0,0.54,0.32,0.1,0.05,0,0,0,0
E14001117,Bracknell,con,lab,0.26,0.06,0.37,0.15,0.01,0,0.16,0,0.55,0.25,0.14,0.04,0,0,0,0.01
E14001118,Bradford East,lab,lab,0.11,0.15,0.54,0.06,0.03,0,0.1,0,0.22,0.63,0.08,0.01,0,0,0.06,0
E14001119,Bradford South,lab,lab,0.2,0.1,0.51,0.04,0.02,0,0.13,0,0.4,0.47,0.04,0.02,0,0,0.07,0
E14001120,Bradford West,lab,lab,0.08,0.08,0.59,0.03,0.15,0,0.07,0,0.15,0.76,0.03,0.02,0,0,0.04,0
E14001121,Braintree,con,lab,0.3,0.04,0.3,0.07,0.05,0,0.24,0,0.67,0.18,0.1,0,0,0,0,0.04
E14001122,Brent East,lab,lab,0.13,0.08,0.61,0.09,0.02,0,0.07,0,0.24,0.64,0.09,0.03,0,0,0,0
E14001123,Brent West,lab,lab,0.2,0.09,0.55,0.07,0.02,0,0.06,0,0.34,0.53,0.09,0.02,0,0,0.02,0.01
E14001124,Brentford and Isleworth,lab,lab,0.16,0.06,0.53,0.14,0.02,0,0.08,0,0.28,0.5,0.16,0.03,0,0,0.02,0
E14001125,Brentwood and Ongar,con,con,0.38,0.09,0.26,0.11,0.01,0,0.15,0,0.69,0.14,0.14,0.03,0,0,0,0.01
E14001126,Bridgwater,con,lab,0.22,0.04,0.37,0.12,0.03,0,0.21,0,0.58,0.21,0.18,0.02,0,0,0,0.02
E14001127,Bridlington and The Wolds,con,con,0.33,0.08,0.24,0.12,0.02,0,0.21,0,0.67,0.2,0.07,0.03,0,0,0,0.03
E14001128,Brigg and Immingham,con,con,0.31,0.08,0.28,0.04,0,0,0.29,0,0.72,0.2,0.04,0.03,0,0,0.01,0
E14001129,Brighton Kemptown and Peacehaven,lab,lab,0.21,0.07,0.62,0.06,0.04,0,0,0,0.34,0.51,0.06,0.06,0,0,0.03,0
E14001130,Brighton Pavilion,grn,green,0.07,0.65,0.19,0.01,0.02,0,0.05,0,0.18,0.23,0,0.57,0,0,0.01,0.01
E14001131,Bristol Central,lab,green,0.06,0.44,0.41,0.02,0.01,0,0.06,0,0.14,0.58,0,0.26,0,0,0.01,0
E14001132,Bristol East,lab,lab,0.15,0.09,0.67,0.07,0.01,0,0,0,0.23,0.58,0.07,0.08,0,0,0.03,0
E14001133,Bristol North East,lab,lab,0.17,0.09,0.57,0.04,0.01,0,0.12,0,0.39,0.5,0.05,0.04,0,0,0.01,0
E14001134,Bristol North West,lab,lab,0.16,0.21,0.49,0.05,0.02,0,0.07,0,0.36,0.49,0.08,0.06,0,0,0,0
E14001135,Bristol South,lab,lab,0.13,0.08,0.61,0.04,0.02,0,0.12,0,0.33,0.52,0.06,0.05,0,0,0.04,0
E14001136,Broadland and Fakenham,con,lab,0.34,0.04,0.41,0.11,0,0,0.1,0,0.59,0.22,0.16,0.02,0,0,0,0.01
E14001137,Bromley and Biggin Hill,con,lab,0.29,0.07,0.33,0.14,0.01,0,0.16,0,0.54,0.25,0.16,0.04,0,0,0,0.01
E14001138,Bromsgrove,con,lab,0.33,0.05,0.39,0.09,0.01,0,0.13,0,0.63,0.21,0.12,0.03,0,0,0,0
E14001139,Broxbourne,con,con,0.34,0.04,0.33,0.09,0.01,0,0.19,0,0.64,0.24,0.09,0.03,0,0,0,0
E14001140,Broxtowe,con,lab,0.2,0.06,0.52,0.03,0.02,0,0.17,0,0.45,0.38,0.01,0.03,0,0,0.01,0.13
E14001141,Buckingham and Bletchley,con,lab,0.3,0.06,0.35,0.12,0.01,0,0.15,0,0.53,0.28,0.15,0.01,0,0,0.01,0.02
E14001142,Burnley,con,lab,0.2,0.04,0.51,0.07,0.04,0,0.14,0,0.4,0.4,0.08,0.02,0,0,0.07,0.03
E14001143,Burton and Uttoxeter,con,lab,0.31,0.08,0.33,0.09,0.05,0,0.15,0,0.61,0.31,0.06,0.03,0,0,0,0
E14001144,Bury North,con,lab,0.22,0.04,0.54,0.04,0.01,0,0.14,0,0.47,0.45,0.03,0.02,0,0,0.03,0
E14001145,Bury South,con,lab,0.2,0.05,0.55,0.04,0.02,0,0.14,0,0.43,0.42,0.06,0.02,0,0,0.04,0.03
E14001146,Bury St Edmunds and Stowmarket,con,con,0.3,0.09,0.29,0.08,0.01,0,0.23,0,0.63,0.21,0.01,0.12,0,0,0,0.03
E14001147,Calder Valley,con,lab,0.22,0.04,0.52,0.04,0.01,0,0.17,0,0.51,0.42,0.05,0,0,0,0,0.01
E14001148,Camborne and Redruth,con,lab,0.23,0.04,0.47,0.07,0.01,0,0.19,0,0.53,0.34,0.08,0.03,0,0,0,0.01
E14001149,Cambridge,lab,lab,0.11,0.11,0.4,0.36,0.01,0,0,0,0.15,0.47,0.31,0.04,0,0,0.02,0.01
E14001150,Cannock Chase,con,con,0.3,0.11,0.3,0.03,0,0,0.25,0,0.68,0.25,0,0.06,0,0,0,0
E14001151,Canterbury,lab,lab,0.22,0.04,0.56,0.05,0.01,0,0.12,0,0.45,0.49,0.06,0,0,0,0,0.01
E14001152,Carlisle,con,lab,0.28,0.04,0.47,0.06,0.03,0,0.12,0,0.57,0.34,0.05,0.02,0,0,0,0.02
E14001153,Carshalton and Wallington,con,ld,0.23,0.04,0.22,0.38,0.01,0,0.12,0,0.42,0.12,0.41,0.02,0,0,0.02,0
E14001154,Castle Point,con,con,0.41,0.04,0.28,0.07,0,0,0.2,0,0.77,0.17,0.07,0,0,0,0,0
E14001155,Central Devon,con,lab,0.25,0.09,0.4,0.11,0.03,0,0.12,0,0.55,0.25,0.15,0.05,0,0,0,0
E14001156,Central Suffolk and North Ipswich,con,con,0.34,0.1,0.31,0.1,0.01,0,0.15,0,0.62,0.22,0.11,0.06,0,0,0,0
E14001157,Chatham and Aylesford,con,lab,0.34,0.05,0.36,0.06,0.01,0,0.17,0,0.66,0.24,0.07,0.02,0,0,0,0
E14001158,Cheadle,con,ld,0.23,0.02,0.2,0.41,0.01,0,0.12,0,0.46,0.12,0.42,0,0,0,0,0
E14001159,Chelmsford,con,con,0.32,0.05,0.27,0.28,0.01,0,0.07,0,0.55,0.18,0.26,0,0,0,0,0.01
E14001160,Chelsea and Fulham,con,lab,0.24,0.06,0.36,0.18,0.02,0,0.14,0,0.45,0.29,0.24,0,0,0,0,0.01
E14001161,Cheltenham,con,ld,0.23,0.02,0.11,0.62,0.02,0,0,0,0.48,0.05,0.46,0,0,0,0,0.01
E14001162,Chesham and Amersham,con,ld,0.2,0.03,0.09,0.51,0.08,0,0.07,0,0.56,0.14,0.22,0.05,0,0,0,0.02
E14001163,Chester North and Neston,lab,lab,0.17,0.04,0.59,0.06,0,0,0.15,0,0.38,0.5,0.06,0.02,0,0,0.03,0
E14001164,Chester South and Eddisbury,con,lab,0.27,0.04,0.32,0.13,0.01,0,0.22,0,0.59,0.22,0.15,0.02,0,0,0.01,0.01
E14001165,Chesterfield,lab,lab,0.16,0.03,0.58,0.05,0.01,0,0.17,0,0.37,0.4,0.09,0.03,0,0,0.11,0.01
E14001166,Chichester,con,con,0.35,0.06,0.19,0.28,0.01,0,0.11,0,0.59,0.15,0.2,0.05,0,0,0,0.01
E14001167,Chingford and Woodford Green,con,lab,0.27,0.07,0.41,0.07,0.08,0,0.1,0,0.48,0.45,0.06,0,0,0,0,0
E14001168,Chippenham,con,ld,0.26,0.03,0.13,0.41,0.01,0,0.15,0,0.56,0.12,0.3,0.02,0,0,0,0
E14001169,Chipping Barnet,con,lab,0.25,0.04,0.53,0.07,0.04,0,0.08,0,0.48,0.4,0.1,0.02,0,0,0,0
E14001170,Chorley,speaker,speaker,0,0.3,0,0,0.7,0,0,0,0,0,0,0.09,0,0,0,0.91
E14001171,Christchurch,con,con,0.36,0.06,0.21,0.19,0.02,0,0.16,0,0.66,0.13,0.17,0.04,0,0,0,0
E14001172,Cities of London and Westminster,con,lab,0.2,0.07,0.4,0.21,0.01,0,0.1,0,0.4,0.29,0.28,0.02,0,0,0,0
E14001173,City of Durham,lab,lab,0.14,0.05,0.54,0.09,0.02,0,0.16,0,0.32,0.41,0.17,0.03,0,0,0.07,0
E14001174,Clacton,con,con,0.38,0.07,0.24,0.06,0.03,0,0.23,0,0.72,0.16,0.06,0.03,0,0,0,0.03
E14001175,Clapham and Brixton Hill,lab,lab,0.14,0.08,0.49,0.14,0.1,0,0.06,0,0.19,0.55,0.2,0.04,0,0,0.01,0
E14001176,Colchester,con,lab,0.27,0.05,0.4,0.13,0.01,0,0.13,0,0.52,0.3,0.15,0.03,0,0,0,0
E14001177,Colne Valley,con,lab,0.25,0.08,0.39,0.06,0.02,0,0.2,0,0.51,0.36,0.07,0.02,0,0,0.02,0.02
E14001178,Congleton,con,con,0.35,0.05,0.35,0.12,0.01,0,0.11,0,0.61,0.24,0.11,0.03,0,0,0,0.01
E14001179,Corby and East Northamptonshire,con,lab,0.23,0.04,0.5,0.06,0,0,0.16,0,0.55,0.39,0.07,0,0,0,0,0
E14001180,Coventry East,lab,lab,0.15,0.07,0.52,0.05,0.01,0,0.2,0,0.35,0.52,0.05,0.02,0,0,0.05,0
E14001181,Coventry North West,lab,lab,0.2,0.05,0.53,0.04,0.02,0,0.16,0,0.43,0.44,0.06,0.03,0,0,0.04,0
E14001182,Coventry South,lab,lab,0.18,0.05,0.55,0.05,0.01,0,0.16,0,0.43,0.44,0.07,0.03,0,0,0.03,0.01
E14001183,Cramlington and Killingworth,lab,lab,0.18,0.08,0.46,0.05,0.01,0,0.22,0,0.4,0.44,0.05,0.02,0,0,0.08,0
E14001184,Crawley,con,lab,0.24,0.07,0.45,0.09,0.01,0,0.14,0,0.54,0.37,0.05,0.03,0,0,0,0
E14001185,Crewe and Nantwich,con,lab,0.24,0.04,0.5,0.07,0.01,0,0.14,0,0.51,0.39,0.05,0.02,0,0,0.03,0
E14001186,Croydon East,lab,lab,0.17,0.04,0.62,0.05,0,0,0.11,0,0.41,0.48,0.07,0.02,0,0,0.02,0
E14001187,Croydon South,con,lab,0.26,0.08,0.37,0.1,0.01,0,0.17,0,0.54,0.28,0.14,0.03,0,0,0,0.01
E14001188,Croydon West,lab,lab,0.13,0.09,0.64,0.06,0.02,0,0.05,0,0.22,0.67,0.07,0.03,0,0,0.01,0.01
E14001189,Dagenham and Rainham,lab,lab,0.2,0.05,0.53,0.03,0.01,0,0.19,0,0.43,0.45,0.03,0.02,0,0,0.07,0.01
E14001190,Darlington,con,lab,0.25,0.1,0.48,0.03,0,0,0.14,0,0.5,0.39,0.05,0.03,0,0,0.04,0.01
E14001191,Dartford,con,lab,0.29,0.05,0.46,0.04,0,0,0.16,0,0.61,0.29,0.07,0.02,0,0,0,0
E14001192,Daventry,con,lab,0.27,0.07,0.35,0.08,0,0,0.24,0,0.64,0.18,0.13,0.05,0,0,0,0
E14001193,Derby North,con,lab,0.18,0.04,0.58,0.04,0,0,0.16,0,0.45,0.4,0.07,0.02,0,0,0.04,0.01
E14001194,Derby South,lab,lab,0.17,0.05,0.54,0.06,0.02,0,0.16,0,0.37,0.51,0.06,0,0,0,0.06,0
E14001195,Derbyshire Dales,con,lab,0.3,0.07,0.34,0.13,0.02,0,0.15,0,0.59,0.24,0.13,0.04,0,0,0,0
E14001196,Dewsbury and Batley,lab,lab,0.13,0.04,0.56,0.04,0.14,0,0.09,0,0.29,0.59,0.03,0.01,0,0,0.03,0.05
E14001197,Didcot and Wantage,con,con,0.3,0.04,0.28,0.28,0.01,0,0.09,0,0.5,0.16,0.31,0.01,0,0,0,0.02
E14001198,Doncaster Central,lab,lab,0.16,0.04,0.58,0.04,0.01,0,0.17,0,0.37,0.39,0.04,0.02,0,0,0.16,0.02
E14001199,Doncaster East and the Isle of Axholme,con,lab,0.22,0.09,0.32,0.05,0.01,0,0.31,0,0.52,0.29,0.04,0.02,0,0,0.1,0.02
E14001200,Doncaster North,lab,lab,0.22,0.04,0.66,0.05,0.02,0,0,0,0.33,0.38,0.04,0,0,0,0.2,0.05
E14001201,Dorking and Horley,con,ld,0.3,0.07,0.16,0.36,0,0,0.12,0,0.51,0.1,0.32,0.04,0,0,0,0.03
E14001202,Dover and Deal,con,lab,0.26,0.05,0.52,0.04,0.01,0,0.12,0,0.57,0.33,0.06,0.03,0,0,0,0.02
E14001203,Droitwich and Evesham,con,lab,0.34,0.07,0.36,0.07,0.01,0,0.15,0,0.66,0.17,0.12,0.04,0,0,0,0.01
E14001204,Dudley,con,lab,0.29,0.07,0.39,0.06,0.01,0,0.18,0,0.63,0.31,0.04,0.02,0,0,0,0
E14001205,Dulwich and West Norwood,lab,lab,0.09,0.14,0.68,0.03,0.03,0,0.04,0,0.17,0.64,0.01,0.16,0,0,0.01,0.01
E14001206,Dunstable and Leighton Buzzard,con,lab,0.27,0.06,0.41,0.07,0.01,0,0.18,0,0.59,0.27,0.11,0.04,0,0,0,0
E14001207,Ealing Central and Acton,lab,lab,0.15,0.07,0.56,0.13,0.02,0,0.08,0,0.26,0.52,0.17,0.03,0,0,0.01,0
E14001208,Ealing North,lab,lab,0.18,0.06,0.56,0.06,0.08,0,0.06,0,0.32,0.56,0.09,0.03,0,0,0,0
E14001209,Ealing Southall,lab,lab,0.15,0.13,0.55,0.08,0.02,0,0.08,0,0.24,0.6,0.1,0.04,0,0,0.02,0.01
E14001210,Earley and Woodley,con,lab,0.3,0.06,0.43,0.18,0.02,0,0,0,0.49,0.27,0.22,0.02,0,0,0.01,0
E14001211,Easington,lab,lab,0.11,0.03,0.46,0.03,0.14,0,0.23,0,0.27,0.47,0.04,0,0,0,0.18,0.04
E14001212,East Grinstead and Uckfield,con,con,0.4,0.06,0.27,0.26,0.01,0,0,0,0.58,0.14,0.23,0.05,0,0,0,0
E14001213,East Ham,lab,lab,0.11,0.06,0.66,0.05,0.06,0,0.06,0,0.15,0.78,0.04,0.02,0,0,0.02,0.01
E14001214,East Hampshire,con,ld,0.31,0.05,0.22,0.33,0.01,0,0.08,0,0.59,0.12,0.22,0.05,0,0,0,0.01
E14001215,East Surrey,con,con,0.35,0.06,0.25,0.18,0.02,0,0.15,0,0.6,0.13,0.2,0.03,0,0,0,0.03
E14001216,East Thanet,con,lab,0.25,0.05,0.47,0.05,0.01,0,0.17,0,0.53,0.38,0.05,0.04,0,0,0,0
E14001217,East Wiltshire,con,con,0.31,0.06,0.3,0.17,0.01,0,0.15,0,0.66,0.16,0.14,0.04,0,0,0,0
E14001218,East Worthing and Shoreham,con,lab,0.22,0.04,0.59,0.06,0.01,0,0.08,0,0.51,0.37,0.08,0.04,0,0,0,0
E14001219,Eastbourne,con,ld,0.23,0.02,0.1,0.52,0.01,0,0.11,0,0.47,0.07,0.43,0,0,0,0.03,0
E14001220,Eastleigh,con,ld,0.29,0.04,0.23,0.33,0.01,0,0.11,0,0.52,0.12,0.34,0.02,0,0,0,0
E14001221,Edmonton and Winchmore Hill,lab,lab,0.16,0.04,0.63,0.09,0.02,0,0.06,0,0.31,0.58,0.07,0.02,0,0,0.02,0
E14001222,Ellesmere Port and Bromborough,lab,lab,0.12,0.03,0.67,0.06,0.01,0,0.12,0,0.27,0.59,0.07,0.02,0,0,0.04,0
E14001223,Eltham and Chislehurst,con,lab,0.2,0.05,0.58,0.05,0.01,0,0.1,0,0.47,0.4,0.07,0.03,0,0,0.03,0
E14001224,Ely and East Cambridgeshire,con,con,0.31,0.04,0.23,0.26,0.01,0,0.15,0,0.54,0.14,0.29,0.01,0,0,0,0.02
E14001225,Enfield North,lab,lab,0.18,0.05,0.58,0.06,0.05,0,0.08,0,0.36,0.53,0.07,0.02,0,0,0.02,0
E14001226,Epping Forest,con,con,0.38,0.05,0.37,0.11,0.09,0,0,0,0.64,0.2,0.11,0.04,0,0,0,0.01
E14001227,Epsom and Ewell,con,con,0.3,0.04,0.24,0.3,0.03,0,0.09,0,0.54,0.17,0.24,0.03,0,0,0,0.02
E14001228,Erewash,con,lab,0.25,0.04,0.48,0.04,0.01,0,0.19,0,0.56,0.35,0.05,0.02,0,0,0,0.01
E14001229,Erith and Thamesmead,lab,lab,0.13,0.06,0.64,0.07,0.01,0,0.09,0,0.28,0.58,0.05,0.03,0,0,0.05,0.01
E14001230,Esher and Walton,con,ld,0.24,0.02,0.15,0.44,0.01,0,0.13,0,0.5,0.05,0.44,0,0,0,0,0.01
E14001231,Exeter,lab,lab,0.13,0.11,0.55,0.03,0.01,0,0.17,0,0.32,0.55,0,0.09,0,0,0.03,0.01
E14001232,Exmouth and Exeter East,con,lab,0.25,0.05,0.31,0.07,0.12,0,0.19,0,0.5,0.11,0.03,0.02,0,0,0,0.35
E14001233,Fareham and Waterlooville,con,con,0.33,0.04,0.32,0.17,0,0,0.12,0,0.61,0.16,0.19,0.04,0,0,0,0
E14001234,Farnham and Bordon,con,ld,0.3,0.04,0.14,0.34,0.01,0,0.18,0,0.59,0.07,0.33,0.01,0,0,0,0
E14001235,Faversham and Mid Kent,con,lab,0.29,0.05,0.34,0.1,0.01,0,0.21,0,0.63,0.2,0.12,0.04,0,0,0,0.01
E14001236,Feltham and Heston,lab,lab,0.17,0.05,0.57,0.06,0.04,0,0.11,0,0.36,0.52,0.07,0.02,0,0,0.03,0
E14001237,Filton and Bradley Stoke,con,lab,0.22,0.08,0.55,0.05,0,0,0.1,0,0.51,0.36,0.1,0.03,0,0,0,0
E14001238,Finchley and Golders Green,con,lab,0.25,0.1,0.33,0.25,0.01,0,0.06,0,0.44,0.24,0.32,0,0,0,0,0
E14001239,Folkestone and Hythe,con,lab,0.26,0.07,0.4,0.07,0.01,0,0.19,0,0.56,0.27,0.1,0.05,0,0,0,0.02
E14001240,Forest of Dean,con,lab,0.2,0.08,0.37,0.02,0.03,0,0.31,0,0.6,0.29,0,0.09,0,0,0,0.03
E14001241,Frome and East Somerset,con,ld,0.23,0.06,0.23,0.35,0.02,0,0.11,0,0.49,0.21,0.23,0.06,0,0,0,0
E14001242,Fylde,con,lab,0.28,0.04,0.46,0.05,0.03,0,0.13,0,0.62,0.25,0.07,0.03,0,0,0,0.02
E14001243,Gainsborough,con,lab,0.28,0.04,0.32,0.07,0.01,0,0.28,0,0.66,0.21,0.1,0,0,0,0,0.02
E14001244,Gateshead Central and Whickham,lab,lab,0.18,0.12,0.48,0.09,0.01,0,0.14,0,0.33,0.47,0.12,0.04,0,0,0.04,0
E14001245,Gedling,con,lab,0.19,0.04,0.56,0.04,0.01,0,0.16,0,0.47,0.43,0.04,0.02,0,0,0.03,0
E14001246,Gillingham and Rainham,con,lab,0.27,0.04,0.47,0.05,0.01,0,0.16,0,0.61,0.28,0.05,0.02,0,0,0,0.03
E14001247,Glastonbury and Somerton,con,ld,0.24,0.05,0.15,0.42,0,0,0.14,0,0.58,0.1,0.31,0.02,0,0,0,0
E14001248,Gloucester,con,lab,0.23,0.06,0.5,0.05,0.01,0,0.15,0,0.55,0.35,0.08,0.03,0,0,0,0
E14001249,Godalming and Ash,con,ld,0.3,0.04,0.18,0.38,0.01,0,0.09,0,0.53,0.09,0.34,0.02,0,0,0,0.02
E14001250,Goole and Pocklington,con,lab,0.29,0.05,0.36,0.06,0.01,0,0.23,0,0.65,0.2,0.08,0.04,0,0,0,0.03
E14001251,Gorton and Denton,lab,lab,0.1,0.04,0.7,0.05,0.02,0,0.09,0,0.19,0.67,0.06,0.03,0,0,0.05,0.01
E14001252,Gosport,con,con,0.31,0.05,0.29,0.12,0.01,0,0.22,0,0.67,0.18,0.11,0.04,0,0,0,0
E14001253,Grantham and Bourne,con,lab,0.31,0.06,0.37,0.06,0.01,0,0.19,0,0.66,0.2,0.09,0.04,0,0,0,0.01
E14001254,Gravesham,con,lab,0.34,0.06,0.41,0.05,0,0,0.14,0,0.62,0.29,0.05,0.03,0,0,0,0
E14001255,Great Grimsby and Cleethorpes,con,lab,0.23,0.06,0.39,0.07,0.03,0,0.22,0,0.56,0.32,0.05,0.02,0,0,0.05,0
E14001256,Great Yarmouth,con,lab,0.28,0.08,0.33,0.04,0.01,0,0.27,0,0.66,0.25,0.04,0.02,0,0,0,0.03
E14001257,Greenwich and Woolwich,lab,lab,0.13,0.06,0.62,0.1,0.02,0,0.07,0,0.23,0.55,0.15,0.05,0,0,0.02,0.01
E14001258,Guildford,con,lab,0.25,0.05,0.35,0.25,0.02,0,0.08,0,0.45,0.08,0.39,0,0,0,0,0.07
E14001259,Hackney North and Stoke Newington,lab,lab,0.08,0.1,0.66,0.05,0.03,0,0.07,0,0.13,0.7,0.08,0.08,0,0,0.01,0
E14001260,Hackney South and Shoreditch,lab,lab,0.08,0.07,0.71,0.05,0.04,0,0.06,0,0.1,0.73,0.08,0.06,0,0,0.01,0
E14001261,Halesowen,con,lab,0.26,0.07,0.44,0.03,0,0,0.2,0,0.6,0.33,0.03,0.02,0,0,0,0.01
E14001262,Halifax,lab,lab,0.19,0.07,0.5,0.05,0.03,0,0.16,0,0.42,0.46,0.05,0.02,0,0,0.06,0
E14001263,Hamble Valley,con,con,0.36,0.07,0.23,0.18,0.01,0,0.16,0,0.62,0.14,0.21,0.03,0,0,0,0
E14001264,Hammersmith and Chiswick,lab,lab,0.13,0.04,0.49,0.09,0.17,0,0.07,0,0.3,0.51,0.14,0.03,0,0,0.02,0
E14001265,Hampstead and Highgate,lab,lab,0.15,0.08,0.49,0.21,0.01,0,0.06,0,0.23,0.48,0.24,0.04,0,0,0.01,0
E14001266,"Harborough, Oadby and Wigston",con,lab,0.28,0.05,0.35,0.12,0.02,0,0.17,0,0.54,0.25,0.17,0.03,0,0,0,0.01
E14001267,Harlow,con,lab,0.32,0.05,0.42,0.05,0.01,0,0.16,0,0.65,0.29,0.06,0,0,0,0,0
E14001268,Harpenden and Berkhamsted,con,lab,0.33,0.03,0.34,0.19,0.02,0,0.08,0,0.52,0.11,0.25,0.02,0,0,0,0.1
E14001269,Harrogate and Knaresborough,con,ld,0.24,0.02,0.19,0.46,0.01,0,0.07,0,0.52,0.1,0.36,0,0,0,0,0.02
E14001270,Harrow East,con,lab,0.31,0.05,0.44,0.07,0.02,0,0.11,0,0.55,0.37,0.08,0,0,0,0,0
E14001271,Harrow West,lab,lab,0.22,0.08,0.45,0.12,0.04,0,0.1,0,0.35,0.53,0.08,0.02,0,0,0.02,0
E14001272,Hartlepool,lab,lab,0.14,0.03,0.48,0.05,0.01,0,0.28,0,0.29,0.38,0.04,0,0,0,0.26,0.03
E14001273,Harwich and North Essex,con,lab,0.33,0.11,0.38,0.07,0,0,0.1,0,0.59,0.26,0.11,0.04,0,0,0,0.01
E14001274,Hastings and Rye,con,lab,0.25,0.04,0.52,0.05,0.01,0,0.12,0,0.49,0.42,0.07,0,0,0,0,0.01
E14001275,Havant,con,con,0.3,0.05,0.29,0.18,0.01,0,0.18,0,0.65,0.18,0.12,0.03,0,0,0,0.01
E14001276,Hayes and Harlington,lab,lab,0.19,0.07,0.55,0.04,0.03,0,0.13,0,0.35,0.56,0.04,0.02,0,0,0.03,0
E14001277,Hazel Grove,con,ld,0.24,0.02,0.23,0.4,0.01,0,0.09,0,0.46,0.16,0.37,0,0,0,0.01,0
E14001278,Hemel Hempstead,con,lab,0.28,0.05,0.5,0.07,0,0,0.1,0,0.55,0.28,0.11,0.03,0,0,0,0.03
E14001279,Hendon,con,lab,0.21,0.03,0.59,0.09,0.01,0,0.06,0,0.49,0.41,0.09,0.02,0,0,0,0
E14001280,Henley and Thame,con,ld,0.29,0.05,0.17,0.39,0.01,0,0.1,0,0.54,0.09,0.32,0.04,0,0,0,0
E14001281,Hereford and South Herefordshire,con,lab,0.31,0.06,0.37,0.09,0.01,0,0.16,0,0.62,0.2,0.13,0.05,0,0,0,0
E14001282,Herne Bay and Sandwich,con,lab,0.35,0.07,0.36,0.1,0,0,0.12,0,0.64,0.24,0.07,0.04,0,0,0,0
E14001283,Hertford and Stortford,con,lab,0.25,0.08,0.41,0.1,0.01,0,0.16,0,0.56,0.24,0.14,0.05,0,0,0,0.02
E14001284,Hertsmere,con,lab,0.35,0.04,0.36,0.11,0.01,0,0.13,0,0.65,0.21,0.11,0.03,0,0,0,0
E14001285,Hexham,con,lab,0.37,0.06,0.48,0.08,0.01,0,0,0,0.54,0.32,0.09,0.04,0,0,0.01,0
E14001286,Heywood and Middleton North,lab,lab,0.18,0,0.52,0.09,0.07,0,0.14,0,0.41,0.43,0.04,0.03,0,0,0.08,0
E14001287,High Peak,con,lab,0.22,0.05,0.56,0.04,0,0,0.14,0,0.46,0.45,0.05,0.02,0,0,0.02,0
E14001288,Hinckley and Bosworth,con,con,0.3,0.05,0.26,0.16,0.01,0,0.23,0,0.65,0.14,0.18,0.03,0,0,0,0
E14001289,Hitchin,con,lab,0.21,0.03,0.35,0.25,0.01,0,0.14,0,0.47,0.26,0.24,0.02,0,0,0,0.02
E14001290,Holborn and St Pancras,lab,lab,0.11,0.1,0.56,0.1,0.04,0,0.08,0,0.15,0.66,0.12,0.04,0,0,0.02,0
E14001291,Honiton and Sidmouth,con,ld,0.26,0.04,0.15,0.33,0.05,0,0.17,0,0.6,0.14,0.1,0.02,0,0,0,0.14
E14001292,Hornchurch and Upminster,con,lab,0.31,0.07,0.35,0.06,0.01,0,0.2,0,0.65,0.23,0.07,0.04,0,0,0,0.01
E14001293,Hornsey and Friern Barnet,lab,lab,0.09,0.1,0.53,0.18,0.01,0,0.08,0,0.12,0.57,0.26,0.04,0,0,0.01,0.01
E14001294,Horsham,con,ld,0.31,0.04,0.21,0.33,0.01,0,0.1,0,0.56,0.16,0.25,0.03,0,0,0,0.01
E14001295,Houghton and Sunderland South,lab,lab,0.15,0.06,0.57,0.03,0,0,0.19,0,0.33,0.4,0.06,0.03,0,0,0.16,0.02
E14001296,Hove and Portslade,lab,lab,0.15,0.07,0.65,0.05,0.01,0,0.07,0,0.28,0.58,0.07,0.04,0,0,0.02,0.01
E14001297,Huddersfield,lab,lab,0.17,0.08,0.53,0.08,0,0,0.14,0,0.36,0.51,0.05,0.04,0,0,0.03,0
E14001298,Huntingdon,con,lab,0.29,0.05,0.45,0.1,0.01,0,0.1,0,0.59,0.21,0.14,0.03,0,0,0,0.02
E14001299,Hyndburn,con,lab,0.21,0.04,0.55,0.03,0,0,0.17,0,0.48,0.42,0.03,0.02,0,0,0.05,0
E14001300,Ilford North,lab,lab,0.19,0.06,0.55,0.04,0.07,0,0.1,0,0.37,0.54,0.04,0.01,0,0,0.02,0.02
E14001301,Ilford South,lab,lab,0.14,0.07,0.58,0.04,0.08,0,0.08,0,0.21,0.65,0.03,0.01,0,0,0.02,0.07
E14001302,Ipswich,con,lab,0.25,0.08,0.45,0.04,0.01,0,0.18,0,0.5,0.39,0.05,0.03,0,0,0.03,0
E14001303,Isle of Wight East,con,lab,0.29,0.12,0.38,0.03,0.01,0,0.17,0,0.57,0.24,0,0.14,0,0,0,0.04
E14001304,Isle of Wight West,con,ref,0.19,0.19,0.22,0.03,0.01,0,0.36,0,0.55,0.24,0,0.16,0,0,0,0.04
E14001305,Islington North,lab,lab,0.08,0.1,0.5,0.1,0.19,0,0.04,0,0.1,0.64,0.16,0.08,0,0,0.01,0
E14001306,Islington South and Finsbury,lab,lab,0.12,0.07,0.52,0.18,0.02,0,0.09,0,0.16,0.57,0.2,0.04,0,0,0.02,0
E14001307,Jarrow and Gateshead East,lab,lab,0.12,0.07,0.53,0.05,0.02,0,0.22,0,0.24,0.49,0.07,0.02,0,0,0.09,0.09
E14001308,Keighley and Ilkley,con,lab,0.24,0.06,0.47,0.06,0.04,0,0.13,0,0.48,0.44,0.05,0,0,0,0.02,0.02
E14001309,Kenilworth and Southam,con,lab,0.29,0.09,0.31,0.11,0.01,0,0.18,0,0.59,0.19,0.17,0.04,0,0,0,0.01
E14001310,Kensington and Bayswater,lab,lab,0.19,0.06,0.49,0.17,0.01,0,0.07,0,0.38,0.39,0.2,0.01,0,0,0.01,0
E14001311,Kettering,con,lab,0.25,0.04,0.46,0.04,0.01,0,0.19,0,0.6,0.27,0.07,0.03,0,0,0,0.03
E14001312,Kingston and Surbiton,ld,ld,0.17,0.04,0.15,0.54,0.01,0,0.09,0,0.33,0.1,0.53,0.02,0,0,0.01,0.01
E14001313,Kingston upon Hull East,lab,lab,0.15,0.05,0.46,0.07,0,0,0.26,0,0.34,0.42,0.05,0.02,0,0,0.17,0
E14001314,Kingston upon Hull North and Cottingham,lab,lab,0.14,0.05,0.51,0.06,0.01,0,0.23,0,0.33,0.47,0.06,0.03,0,0,0.11,0
E14001315,Kingston upon Hull West and Haltemprice,con,lab,0.17,0.03,0.54,0.05,0.01,0,0.2,0,0.42,0.34,0.09,0.01,0,0,0.13,0
E14001316,Kingswinford and South Staffordshire,con,con,0.35,0.05,0.34,0.06,0.01,0,0.19,0,0.74,0.17,0.05,0.04,0,0,0,0
E14001317,Knowsley,lab,lab,0.05,0.03,0.79,0.02,0.01,0,0.1,0,0.09,0.8,0.03,0.02,0,0,0.06,0.01
E14001318,Lancaster and Wyre,con,lab,0.21,0.09,0.51,0.03,0,0,0.15,0,0.48,0.42,0.04,0.04,0,0,0.02,0
E14001319,Leeds Central and Headingley,lab,lab,0.11,0.1,0.58,0.12,0.01,0,0.08,0,0.18,0.63,0.11,0.03,0,0,0.04,0
E14001320,Leeds East,lab,lab,0.2,0.06,0.52,0.04,0.02,0,0.15,0,0.41,0.47,0.04,0.02,0,0,0.06,0.01
E14001321,Leeds North East,lab,lab,0.12,0.09,0.58,0.06,0.02,0,0.13,0,0.24,0.57,0.11,0.04,0,0,0.04,0
E14001322,Leeds North West,con,lab,0.21,0.04,0.54,0.09,0.01,0,0.11,0,0.42,0.38,0.15,0.02,0,0,0.01,0.02
E14001323,Leeds South,lab,lab,0.17,0.11,0.59,0.1,0.04,0,0,0,0.26,0.58,0.04,0.04,0,0,0.06,0.01
E14001324,Leeds South West and Morley,con,lab,0.25,0.07,0.45,0.04,0.01,0,0.17,0,0.53,0.37,0.03,0.03,0,0,0.02,0.02
E14001325,Leeds West and Pudsey,lab,lab,0.18,0.05,0.52,0.04,0.02,0,0.18,0,0.42,0.48,0.04,0.01,0,0,0.03,0.02
E14001326,Leicester East,lab,lab,0.18,0.07,0.53,0.04,0.1,0,0.08,0,0.38,0.51,0.06,0.02,0,0,0.03,0.01
E14001327,Leicester South,lab,lab,0.12,0.1,0.55,0.05,0.09,0,0.09,0,0.22,0.68,0.04,0.03,0,0,0.02,0
E14001328,Leicester West,lab,lab,0.19,0.09,0.5,0.07,0.02,0,0.14,0,0.37,0.49,0.07,0.03,0,0,0.05,0
E14001329,Leigh and Atherton,con,lab,0.19,0.02,0.6,0.03,0.01,0,0.14,0,0.44,0.43,0.05,0,0,0,0.06,0.02
E14001330,Lewes,con,ld,0.27,0.05,0.14,0.44,0.01,0,0.09,0,0.49,0.07,0.41,0.03,0,0,0,0
E14001331,Lewisham East,lab,lab,0.12,0.09,0.61,0.07,0.04,0,0.09,0,0.2,0.63,0.1,0.04,0,0,0.03,0.01
E14001332,Lewisham North,lab,lab,0.09,0.15,0.61,0.08,0.03,0,0.05,0,0.12,0.69,0.11,0.05,0,0,0.02,0
E14001333,Lewisham West and East Dulwich,lab,lab,0.08,0.07,0.76,0.04,0.01,0,0.05,0,0.15,0.66,0.1,0.07,0,0,0.02,0
E14001334,Leyton and Wanstead,lab,lab,0.1,0.05,0.58,0.09,0.12,0,0.05,0,0.2,0.63,0.11,0.04,0,0,0.02,0.01
E14001335,Lichfield,con,lab,0.29,0.06,0.42,0.05,0.01,0,0.17,0,0.64,0.21,0.11,0.03,0,0,0,0.01
E14001336,Lincoln,con,lab,0.22,0.08,0.51,0.05,0.01,0,0.14,0,0.48,0.41,0.05,0.02,0,0,0.02,0.02
E14001337,Liverpool Garston,lab,lab,0.07,0.04,0.75,0.07,0.01,0,0.08,0,0.12,0.7,0.1,0.03,0,0,0.05,0.01
E14001338,Liverpool Riverside,lab,lab,0.05,0.03,0.84,0.02,0.01,0,0.05,0,0.08,0.85,0.02,0.02,0,0,0.03,0
E14001339,Liverpool Walton,lab,lab,0.05,0.03,0.81,0.02,0.01,0,0.08,0,0.1,0.82,0.02,0.02,0,0,0.02,0.01
E14001340,Liverpool Wavertree,lab,lab,0.06,0.07,0.74,0.05,0.01,0,0.07,0,0.1,0.72,0.08,0.06,0,0,0.04,0.01
E14001341,Liverpool West Derby,lab,lab,0.06,0.05,0.7,0.04,0.02,0,0.14,0,0.09,0.78,0.03,0.02,0,0,0.05,0.04
E14001342,Loughborough,con,lab,0.23,0.06,0.53,0.06,0,0,0.12,0,0.51,0.39,0.08,0.03,0,0,0,0
E14001343,Louth and Horncastle,con,lab,0.35,0.03,0.4,0.05,0.01,0,0.16,0,0.72,0.18,0.08,0,0,0,0,0.02
E14001344,Lowestoft,con,lab,0.33,0.1,0.34,0.09,0,0,0.14,0,0.61,0.28,0.05,0.05,0,0,0,0.01
E14001345,Luton North,lab,lab,0.18,0.08,0.58,0.04,0.02,0,0.1,0,0.34,0.54,0.05,0.02,0,0,0.03,0.02
E14001346,Luton South and South Bedfordshire,lab,lab,0.2,0.11,0.52,0.03,0.04,0,0.1,0,0.35,0.49,0,0.03,0,0,0.03,0.1
E14001347,Macclesfield,con,lab,0.22,0.04,0.52,0.06,0.01,0,0.17,0,0.53,0.33,0.11,0.04,0,0,0,0
E14001348,Maidenhead,con,con,0.36,0.05,0.21,0.35,0.04,0,0,0,0.57,0.15,0.24,0.04,0,0,0,0
E14001349,Maidstone and Malling,con,con,0.29,0.06,0.25,0.19,0.01,0,0.19,0,0.58,0.18,0.19,0.04,0,0,0,0.01
E14001350,Makerfield,lab,lab,0.15,0.03,0.61,0.03,0.02,0,0.16,0,0.34,0.45,0.05,0.03,0,0,0.13,0
E14001351,Maldon,con,con,0.38,0.05,0.28,0.12,0,0,0.17,0,0.72,0.13,0.12,0.03,0,0,0,0
E14001352,Manchester Central,lab,lab,0.1,0.06,0.64,0.05,0.02,0,0.12,0,0.21,0.65,0.06,0.03,0,0,0.04,0
E14001353,Manchester Rusholme,lab,lab,0.07,0.06,0.78,0,0.02,0,0.06,0,0.09,0.79,0.04,0.04,0,0,0.04,0
E14001354,Manchester Withington,lab,lab,0.08,0.07,0.64,0.14,0.01,0,0.05,0,0.11,0.66,0.16,0.04,0,0,0.03,0
E14001355,Mansfield,con,lab,0.28,0.03,0.43,0.04,0.01,0,0.21,0,0.64,0.3,0.03,0,0,0,0,0.02
E14001356,Melksham and Devizes,con,con,0.35,0.07,0.22,0.29,0,0,0.08,0,0.58,0.12,0.27,0.03,0,0,0,0
E14001357,Melton and Syston,con,lab,0.3,0.08,0.39,0.06,0.01,0,0.18,0,0.63,0.23,0.08,0.06,0,0,0,0
E14001358,Meriden and Solihull East,con,lab,0.27,0.08,0.29,0.11,0,0,0.24,0,0.62,0.21,0.14,0.03,0,0,0,0
E14001359,Mid Bedfordshire,con,lab,0.34,0.06,0.35,0.13,0.01,0,0.12,0,0.6,0.21,0.13,0.04,0,0,0,0.03
E14001360,Mid Buckinghamshire,con,con,0.34,0.1,0.26,0.2,0.01,0,0.1,0,0.61,0.15,0.2,0.03,0,0,0.01,0
E14001361,Mid Cheshire,con,lab,0.19,0.03,0.48,0.07,0.01,0,0.21,0,0.47,0.42,0.08,0.02,0,0,0.01,0
E14001362,Mid Derbyshire,con,lab,0.24,0.06,0.4,0.06,0.01,0,0.23,0,0.6,0.27,0.1,0.04,0,0,0,0
E14001363,Mid Dorset and North Poole,con,con,0.39,0.05,0.2,0.36,0.01,0,0,0,0.6,0.07,0.3,0.03,0,0,0,0
E14001364,Mid Leicestershire,con,lab,0.34,0.1,0.34,0.07,0,0,0.15,0,0.62,0.26,0.08,0.04,0,0,0,0
E14001365,Mid Norfolk,con,lab,0.31,0.04,0.34,0.07,0,0,0.24,0,0.64,0.23,0.1,0,0,0,0,0.02
E14001366,Mid Sussex,con,con,0.32,0.1,0.27,0.22,0.01,0,0.08,0,0.51,0.18,0.25,0.04,0,0,0,0.01
E14001367,Middlesbrough and Thornaby East,lab,lab,0.12,0.05,0.55,0.05,0.03,0,0.2,0,0.24,0.54,0.03,0.01,0,0,0.06,0.11
E14001368,Middlesbrough South and East Cleveland,con,lab,0.34,0.04,0.56,0.04,0.01,0,0,0,0.58,0.35,0.04,0.02,0,0,0,0.01
E14001369,Milton Keynes Central,con,lab,0.25,0.07,0.47,0.09,0.01,0,0.11,0,0.48,0.38,0.1,0.02,0,0,0,0.01
E14001370,Milton Keynes North,con,lab,0.28,0.06,0.45,0.08,0,0,0.12,0,0.52,0.39,0.07,0.03,0,0,0,0
E14001371,Mitcham and Morden,lab,lab,0.13,0.08,0.54,0.09,0.02,0,0.13,0,0.27,0.57,0.11,0.02,0,0,0.02,0
E14001372,Morecambe and Lunesdale,con,lab,0.26,0.03,0.42,0.13,0,0,0.16,0,0.54,0.28,0.16,0.01,0,0,0,0.01
E14001373,New Forest East,con,con,0.33,0.07,0.26,0.14,0.01,0,0.19,0,0.65,0.15,0.15,0.05,0,0,0,0.01
E14001374,New Forest West,con,con,0.38,0.08,0.28,0.12,0.01,0,0.13,0,0.64,0.13,0.15,0.08,0,0,0,0
E14001375,Newark,con,ref,0.28,0.08,0.26,0.08,0.01,0,0.3,0,0.63,0.24,0.1,0.03,0,0,0,0
E14001376,Newbury,con,ld,0.29,0.06,0.17,0.38,0.01,0,0.09,0,0.55,0.08,0.33,0.04,0,0,0,0.01
E14001377,Newcastle upon Tyne Central and West,lab,lab,0.13,0.08,0.58,0.03,0.02,0,0.16,0,0.27,0.59,0.03,0.03,0,0,0.08,0
E14001378,Newcastle upon Tyne East and Wallsend,lab,lab,0.1,0.07,0.63,0.04,0.01,0,0.15,0,0.24,0.59,0.08,0.04,0,0,0.05,0
E14001379,Newcastle upon Tyne North,lab,lab,0.14,0.09,0.52,0.07,0.01,0,0.17,0,0.32,0.44,0.14,0.04,0,0,0.06,0
E14001380,Newcastle-under-Lyme,con,lab,0.25,0.07,0.47,0.05,0,0,0.16,0,0.53,0.35,0.06,0.02,0,0,0.04,0
E14001381,Newton Abbot,con,con,0.3,0.06,0.3,0.2,0.02,0,0.12,0,0.56,0.18,0.22,0.03,0,0,0,0.02
E14001382,Newton Aycliffe and Spennymoor,con,lab,0.16,0.04,0.48,0.03,0.01,0,0.28,0,0.46,0.38,0.05,0.01,0,0,0.08,0.01
E14001383,Normanton and Hemsworth,lab,lab,0.16,0.05,0.53,0.05,0,0,0.22,0,0.31,0.4,0.04,0.02,0,0,0.15,0.08
E14001384,North Bedfordshire,con,con,0.35,0.09,0.31,0.12,0,0,0.13,0,0.61,0.19,0.13,0.03,0,0,0,0.04
E14001385,North Cornwall,con,ld,0.27,0.04,0.19,0.28,0.01,0,0.21,0,0.59,0.1,0.3,0,0,0,0,0.01
E14001386,North Cotswolds,con,con,0.34,0.09,0.26,0.2,0.02,0,0.1,0,0.59,0.17,0.18,0.06,0,0,0,0
E14001387,North Devon,con,con,0.34,0.05,0.25,0.26,0.01,0,0.09,0,0.57,0.09,0.3,0.03,0,0,0,0.01
E14001388,North Dorset,con,con,0.36,0.07,0.26,0.16,0.01,0,0.14,0,0.64,0.12,0.2,0.04,0,0,0,0
E14001389,North Durham,lab,lab,0.16,0.08,0.44,0.07,0.01,0,0.25,0,0.34,0.44,0.06,0.03,0,0,0.11,0.02
E14001390,North East Cambridgeshire,con,con,0.38,0.07,0.28,0.06,0.02,0,0.2,0,0.74,0.16,0.07,0.03,0,0,0,0
E14001391,North East Derbyshire,con,lab,0.24,0.07,0.33,0.07,0.01,0,0.28,0,0.58,0.32,0.06,0.03,0,0,0,0
E14001392,North East Hampshire,con,con,0.4,0.06,0.2,0.18,0.01,0,0.16,0,0.62,0.1,0.22,0.03,0,0,0,0.02
E14001393,North East Hertfordshire,con,lab,0.3,0.08,0.39,0.11,0,0,0.13,0,0.57,0.24,0.15,0.04,0,0,0,0
E14001394,North East Somerset and Hanham,con,lab,0.28,0.05,0.42,0.11,0.03,0,0.12,0,0.55,0.26,0.15,0.02,0,0,0,0.02
E14001395,North Herefordshire,con,green,0.28,0.32,0.19,0.06,0.01,0,0.14,0,0.63,0.15,0.13,0.09,0,0,0,0
E14001396,North Norfolk,con,con,0.36,0.03,0.19,0.28,0,0,0.14,0,0.58,0.08,0.3,0,0,0,0.03,0
E14001397,North Northumberland,con,lab,0.23,0.04,0.38,0.08,0.04,0,0.23,0,0.56,0.23,0.16,0.03,0,0,0.01,0
E14001398,North Shropshire,con,ld,0.19,0.04,0.17,0.43,0.01,0,0.15,0,0.62,0.22,0.1,0.03,0,0,0,0.02
E14001399,North Somerset,con,lab,0.23,0.06,0.37,0.12,0.01,0,0.21,0,0.53,0.25,0.17,0.05,0,0,0,0
E14001400,North Warwickshire and Bedworth,con,lab,0.34,0.07,0.42,0.04,0,0,0.13,0,0.66,0.27,0.05,0.03,0,0,0,0
E14001401,North West Cambridgeshire,con,lab,0.3,0.07,0.38,0.09,0,0,0.16,0,0.6,0.24,0.11,0.05,0,0,0,0
E14001402,North West Essex,con,con,0.38,0.07,0.25,0.16,0.01,0,0.13,0,0.62,0.14,0.2,0.05,0,0,0,0
E14001403,North West Hampshire,con,lab,0.31,0.06,0.31,0.13,0.01,0,0.18,0,0.6,0.17,0.18,0.05,0,0,0,0
E14001404,North West Leicestershire,con,lab,0.25,0.05,0.44,0.03,0.01,0,0.22,0,0.62,0.25,0.07,0.05,0,0,0,0.01
E14001405,North West Norfolk,con,con,0.38,0.05,0.35,0.09,0,0,0.14,0,0.66,0.23,0.08,0.04,0,0,0,0
E14001406,Northampton North,con,lab,0.2,0.06,0.46,0.05,0.04,0,0.19,0,0.5,0.42,0.06,0.02,0,0,0,0
E14001407,Northampton South,con,lab,0.25,0.11,0.41,0.05,0.01,0,0.17,0,0.58,0.31,0.08,0.03,0,0,0,0
E14001408,Norwich North,con,lab,0.26,0.06,0.49,0.05,0.01,0,0.14,0,0.52,0.39,0.06,0.02,0,0,0,0.01
E14001409,Norwich South,lab,lab,0.16,0.09,0.57,0.08,0.01,0,0.09,0,0.29,0.54,0.09,0.05,0,0,0.03,0
E14001410,Nottingham East,lab,lab,0.12,0.1,0.58,0.07,0.04,0,0.1,0,0.21,0.63,0.06,0.03,0,0,0.03,0.03
E14001411,Nottingham North and Kimberley,lab,lab,0.18,0.05,0.58,0.04,0,0,0.15,0,0.4,0.46,0.04,0.02,0,0,0.06,0.02
E14001412,Nottingham South,lab,lab,0.13,0.14,0.52,0.04,0.04,0,0.13,0,0.32,0.54,0.07,0.03,0,0,0.05,0
E14001413,Nuneaton,con,lab,0.25,0.1,0.45,0.03,0.01,0,0.16,0,0.61,0.32,0.04,0.04,0,0,0,0
E14001414,Old Bexley and Sidcup,con,lab,0.32,0.06,0.42,0.07,0.01,0,0.12,0,0.64,0.24,0.08,0.03,0,0,0,0
E14001415,Oldham East and Saddleworth,lab,lab,0.17,0.04,0.48,0.05,0.04,0,0.21,0,0.4,0.44,0.05,0.02,0,0,0.06,0.03
E14001416,"Oldham West, Chadderton and Royton",lab,lab,0.14,0.03,0.66,0.03,0.03,0,0.12,0,0.3,0.55,0.03,0.02,0,0,0.07,0.02
E14001417,Orpington,con,lab,0.29,0.08,0.31,0.11,0.02,0,0.2,0,0.62,0.2,0.15,0.04,0,0,0,0
E14001418,Ossett and Denby Dale,con,lab,0.27,0.05,0.44,0.04,0.02,0,0.18,0,0.54,0.31,0.05,0.01,0,0,0.05,0.04
E14001419,Oxford East,lab,lab,0.13,0.09,0.63,0.13,0.01,0,0,0,0.21,0.56,0.14,0.05,0,0,0.02,0.01
E14001420,Oxford West and Abingdon,ld,ld,0.17,0.04,0.23,0.45,0.01,0,0.1,0,0.34,0.12,0.52,0,0,0,0.01,0
E14001421,Peckham,lab,lab,0.09,0.11,0.7,0.05,0.02,0,0.04,0,0.11,0.71,0.1,0.05,0,0,0.02,0
E14001422,Pendle and Clitheroe,con,lab,0.27,0.06,0.42,0.06,0.03,0,0.15,0,0.57,0.33,0.07,0.02,0,0,0,0.01
E14001423,Penistone and Stocksbridge,con,lab,0.21,0.03,0.49,0.05,0,0,0.21,0,0.48,0.33,0.1,0,0,0,0.09,0
E14001424,Penrith and Solway,con,lab,0.26,0.04,0.45,0.09,0.01,0,0.16,0,0.55,0.3,0.08,0.03,0,0,0.02,0.02
E14001425,Peterborough,con,lab,0.24,0.08,0.42,0.04,0.1,0,0.12,0,0.46,0.42,0.05,0.02,0,0,0.04,0.01
E14001426,Plymouth Moor View,con,lab,0.24,0.05,0.46,0.04,0,0,0.22,0,0.6,0.32,0.05,0.03,0,0,0,0
E14001427,Plymouth Sutton and Devonport,lab,lab,0.17,0.06,0.57,0.05,0.01,0,0.14,0,0.38,0.48,0.05,0.03,0,0,0.06,0
E14001428,"Pontefract, Castleford and Knottingley",lab,lab,0.16,0.04,0.46,0.05,0.05,0,0.24,0,0.36,0.38,0.07,0,0,0,0.16,0.04
E14001429,Poole,con,lab,0.28,0.1,0.31,0.13,0.01,0,0.17,0,0.59,0.21,0.15,0.03,0,0,0,0.02
E14001430,Poplar and Limehouse,lab,lab,0.12,0.07,0.55,0.15,0.05,0,0.06,0,0.18,0.6,0.16,0.03,0,0,0.02,0.01
E14001431,Portsmouth North,con,lab,0.3,0.06,0.42,0.06,0,0,0.17,0,0.61,0.27,0.07,0.03,0,0,0,0.01
E14001432,Portsmouth South,lab,lab,0.18,0.04,0.56,0.08,0.01,0,0.13,0,0.37,0.49,0.11,0,0,0,0.02,0.01
E14001433,Preston,lab,lab,0.15,0.04,0.58,0.06,0.04,0,0.13,0,0.3,0.57,0.07,0.02,0,0,0.04,0
E14001434,Putney,lab,lab,0.17,0.04,0.6,0.11,0.02,0,0.06,0,0.36,0.44,0.17,0.02,0,0,0,0
E14001435,Queen's Park and Maida Vale,lab,lab,0.11,0.07,0.56,0.18,0.02,0,0.06,0,0.2,0.62,0.14,0.03,0,0,0.01,0
E14001436,Rawmarsh and Conisbrough,lab,lab,0.14,0.03,0.48,0.03,0.02,0,0.29,0,0.37,0.4,0.04,0,0,0,0.16,0.03
E14001437,Rayleigh and Wickford,con,con,0.34,0.04,0.33,0.05,0,0,0.24,0,0.73,0.16,0.08,0.04,0,0,0,0
E14001438,Reading Central,lab,lab,0.15,0.05,0.68,0.04,0.01,0,0.07,0,0.36,0.53,0.06,0.03,0,0,0.01,0
E14001439,Reading West and Mid Berkshire,con,lab,0.25,0.05,0.36,0.15,0.01,0,0.19,0,0.57,0.23,0.17,0.03,0,0,0,0
E14001440,Redcar,con,lab,0.21,0.04,0.45,0.06,0.04,0,0.2,0,0.48,0.37,0.05,0.02,0,0,0.07,0.03
E14001441,Redditch,con,lab,0.31,0.05,0.4,0.05,0.03,0,0.17,0,0.65,0.26,0.06,0.03,0,0,0,0
E14001442,Reigate,con,con,0.33,0.1,0.25,0.18,0,0,0.14,0,0.56,0.17,0.2,0.06,0,0,0,0.02
E14001443,Ribble Valley,con,lab,0.3,0.04,0.4,0.07,0.02,0,0.17,0,0.6,0.28,0.08,0.03,0,0,0,0.02
E14001444,Richmond and Northallerton,con,con,0.36,0.06,0.33,0.11,0.02,0,0.12,0,0.63,0.16,0.12,0.04,0,0,0,0.04
E14001445,Richmond Park,ld,ld,0.2,0.02,0.12,0.54,0.01,0,0.11,0,0.41,0.05,0.54,0,0,0,0,0.01
E14001446,Rochdale,lab,lab,0.16,0.06,0.48,0.09,0.07,0,0.14,0,0.32,0.51,0.08,0.02,0,0,0.08,0
E14001447,Rochester and Strood,con,lab,0.3,0.08,0.37,0.07,0.03,0,0.14,0,0.58,0.28,0.07,0.03,0,0,0,0.04
E14001448,Romford,con,lab,0.32,0.06,0.34,0.06,0.01,0,0.21,0,0.65,0.26,0.06,0.03,0,0,0,0
E14001449,Romsey and Southampton North,con,con,0.35,0.06,0.21,0.26,0.01,0,0.11,0,0.58,0.12,0.28,0.01,0,0,0,0.01
E14001450,Rossendale and Darwen,con,lab,0.25,0.04,0.52,0.04,0.01,0,0.15,0,0.56,0.37,0.04,0.02,0,0,0,0
E14001451,Rother Valley,con,lab,0.21,0.04,0.5,0.03,0,0,0.21,0,0.46,0.33,0.05,0.02,0,0,0.12,0.02
E14001452,Rotherham,lab,lab,0,0.05,0.47,0.16,0.04,0,0.28,0,0.33,0.41,0.06,0,0,0,0.17,0.03
E14001453,Rugby,con,lab,0.27,0.04,0.51,0.05,0.01,0,0.13,0,0.57,0.31,0.08,0.03,0,0,0,0
E14001454,"Ruislip, Northwood and Pinner",con,lab,0.28,0.06,0.36,0.13,0,0,0.17,0,0.55,0.25,0.15,0.03,0,0,0,0.02
E14001455,Runcorn and Helsby,lab,lab,0.17,0.04,0.57,0.05,0.02,0,0.15,0,0.37,0.49,0.07,0.03,0,0,0.05,0
E14001456,Runnymede and Weybridge,con,con,0.3,0.05,0.28,0.24,0.01,0,0.12,0,0.53,0.18,0.23,0.03,0,0,0,0.04
E14001457,Rushcliffe,con,lab,0.23,0.04,0.47,0.09,0.01,0,0.17,0,0.47,0.35,0.16,0,0,0,0,0.02
E14001458,Rutland and Stamford,con,con,0.35,0.05,0.27,0.14,0.01,0,0.18,0,0.63,0.15,0.16,0.04,0,0,0,0.03
E14001459,Salford,lab,lab,0.1,0.04,0.66,0.04,0.01,0,0.15,0,0.23,0.57,0.06,0.04,0,0,0.09,0
E14001460,Salisbury,con,con,0.24,0.06,0.2,0.22,0.1,0,0.17,0,0.55,0.19,0.2,0.05,0,0,0,0.01
E14001461,Scarborough and Whitby,con,lab,0.23,0.03,0.56,0.03,0.01,0,0.13,0,0.55,0.35,0.06,0,0,0,0,0.04
E14001462,Scunthorpe,con,lab,0.23,0.04,0.45,0.07,0.01,0,0.2,0,0.56,0.35,0.03,0.02,0,0,0.04,0
E14001463,Sefton Central,lab,lab,0.16,0.03,0.62,0.05,0.01,0,0.12,0,0.34,0.53,0.07,0.02,0,0,0.04,0.01
E14001464,Selby,con,lab,0.25,0.05,0.45,0.04,0,0,0.21,0,0.58,0.3,0.06,0.03,0,0,0,0.03
E14001465,Sevenoaks,con,con,0.36,0.05,0.19,0.24,0.01,0,0.14,0,0.62,0.14,0.19,0.03,0,0,0,0.02
E14001466,Sheffield Brightside and Hillsborough,lab,lab,0.18,0.11,0.59,0.09,0.03,0,0,0,0.25,0.57,0.04,0.03,0,0,0.1,0.01
E14001467,Sheffield Central,lab,lab,0.09,0.16,0.63,0.07,0.04,0,0,0,0.12,0.67,0.05,0.11,0,0,0.03,0.01
E14001468,Sheffield Hallam,lab,ld,0.16,0.05,0.35,0.41,0.03,0,0,0,0.26,0.35,0.33,0.03,0,0,0.03,0
E14001469,Sheffield Heeley,lab,lab,0.17,0.06,0.71,0.06,0.01,0,0,0,0.27,0.54,0.07,0.04,0,0,0.08,0
E14001470,Sheffield South East,lab,lab,0.22,0.08,0.52,0.07,0.11,0,0,0,0.36,0.47,0.05,0,0,0,0.11,0.02
E14001471,Sherwood Forest,con,lab,0.26,0.04,0.41,0.06,0.01,0,0.23,0,0.61,0.3,0.06,0.03,0,0,0,0.01
E14001472,Shipley,con,lab,0.23,0.07,0.46,0.05,0.03,0,0.16,0,0.51,0.39,0.06,0.02,0,0,0,0.02
E14001473,Shrewsbury,con,lab,0.25,0.07,0.44,0.08,0.02,0,0.14,0,0.49,0.35,0.11,0.03,0,0,0,0.01
E14001474,Sittingbourne and Sheppey,con,lab,0.26,0.04,0.33,0.05,0.03,0,0.28,0,0.67,0.21,0.06,0.02,0,0,0,0.04
E14001475,Skipton and Ripon,con,lab,0.27,0.05,0.43,0.1,0.01,0,0.14,0,0.59,0.19,0.15,0.05,0,0,0,0.02
E14001476,Sleaford and North Hykeham,con,lab,0.31,0.05,0.33,0.06,0.02,0,0.23,0,0.66,0.19,0.08,0.02,0,0,0,0.04
E14001477,Slough,lab,lab,0.18,0.1,0.51,0.09,0.02,0,0.1,0,0.3,0.59,0.07,0.02,0,0,0.03,0
E14001478,Smethwick,lab,lab,0.13,0.05,0.6,0.03,0.05,0,0.14,0,0.3,0.57,0.04,0.02,0,0,0.06,0
E14001479,Solihull West and Shirley,con,con,0.28,0.06,0.26,0.15,0.01,0,0.23,0,0.61,0.19,0.16,0.04,0,0,0,0
E14001480,South Basildon and East Thurrock,con,lab,0.26,0.03,0.38,0.03,0.03,0,0.27,0,0.65,0.24,0.04,0,0,0,0,0.07
E14001481,South Cambridgeshire,con,ld,0.25,0.03,0.2,0.46,0.01,0,0.06,0,0.44,0.15,0.41,0,0,0,0,0
E14001482,South Cotswolds,con,ld,0.31,0.05,0.15,0.35,0.02,0,0.11,0,0.58,0.11,0.28,0.04,0,0,0,0
E14001483,South Derbyshire,con,lab,0.23,0.05,0.39,0.04,0.01,0,0.27,0,0.62,0.27,0.07,0.03,0,0,0,0
E14001484,South Devon,con,ld,0.25,0.02,0.16,0.38,0.01,0,0.17,0,0.54,0.17,0.28,0,0,0,0,0.01
E14001485,South Dorset,con,lab,0.24,0.06,0.3,0.11,0.01,0,0.28,0,0.59,0.25,0.11,0.04,0,0,0,0.01
E14001486,South East Cornwall,con,lab,0.28,0.04,0.37,0.16,0.01,0,0.13,0,0.59,0.2,0.16,0.03,0,0,0,0.02
E14001487,South Holland and The Deepings,con,con,0.33,0.05,0.31,0.05,0.01,0,0.25,0,0.76,0.13,0.07,0.03,0,0,0,0.01
E14001488,South Leicestershire,con,con,0.33,0.05,0.33,0.13,0,0,0.16,0,0.67,0.2,0.1,0.04,0,0,0,0
E14001489,South Norfolk,con,lab,0.3,0.05,0.34,0.17,0.01,0,0.14,0,0.56,0.23,0.17,0.03,0,0,0,0
E14001490,South Northamptonshire,con,lab,0.28,0.06,0.36,0.12,0.02,0,0.17,0,0.63,0.21,0.11,0.04,0,0,0,0.01
E14001491,South Ribble,con,lab,0.24,0.04,0.45,0.08,0,0,0.19,0,0.54,0.36,0.08,0.03,0,0,0,0
E14001492,South Shields,lab,lab,0.14,0.08,0.49,0.04,0.02,0,0.24,0,0.26,0.44,0.04,0.03,0,0,0.15,0.09
E14001493,South Shropshire,con,con,0.3,0.05,0.29,0.12,0,0,0.23,0,0.65,0.16,0.15,0.03,0,0,0,0
E14001494,South Suffolk,con,ref,0.29,0.06,0.25,0.11,0,0,0.29,0,0.62,0.19,0.13,0.06,0,0,0,0
E14001495,South West Devon,con,lab,0.24,0.05,0.32,0.08,0.01,0,0.3,0,0.63,0.21,0.12,0.04,0,0,0,0
E14001496,South West Hertfordshire,con,lab,0.28,0.03,0.28,0.19,0.05,0,0.17,0,0.52,0.16,0.13,0.01,0,0,0,0.18
E14001497,South West Norfolk,con,lab,0.3,0.04,0.32,0.06,0.01,0,0.27,0,0.69,0.18,0.08,0.03,0,0,0,0.02
E14001498,South West Wiltshire,con,lab,0.27,0.05,0.37,0.12,0.02,0,0.16,0,0.58,0.22,0.16,0.04,0,0,0,0
E14001499,Southampton Itchen,con,lab,0.22,0.05,0.49,0.06,0.01,0,0.17,0,0.51,0.41,0.05,0.02,0,0,0,0.01
E14001500,Southampton Test,lab,lab,0.18,0.08,0.49,0.11,0.01,0,0.12,0,0.36,0.49,0.08,0.03,0,0,0.04,0
E14001501,Southend East and Rochford,con,lab,0.26,0.03,0.39,0.07,0.01,0,0.25,0,0.59,0.31,0.06,0,0,0,0,0.03
E14001502,Southend West and Leigh,con,lab,0.31,0.04,0.37,0.09,0.02,0,0.17,0,0.59,0.29,0.11,0,0,0,0,0.01
E14001503,Southgate and Wood Green,lab,lab,0.15,0.05,0.55,0.14,0.05,0,0.06,0,0.29,0.58,0.1,0.02,0,0,0.01,0
E14001504,Southport,con,lab,0.23,0.05,0.49,0.08,0.01,0,0.14,0,0.5,0.37,0.12,0,0,0,0,0
E14001505,Spelthorne,con,lab,0.3,0.05,0.32,0.22,0.01,0,0.1,0,0.59,0.22,0.15,0.04,0,0,0,0
E14001506,Spen Valley,con,lab,0.25,0.07,0.44,0.06,0.03,0,0.15,0,0.46,0.34,0.06,0.02,0,0,0.03,0.09
E14001507,St Albans,ld,ld,0.23,0.03,0.14,0.53,0.01,0,0.06,0,0.39,0.09,0.5,0.02,0,0,0,0
E14001508,St Austell and Newquay,con,lab,0.27,0.07,0.35,0.1,0.09,0,0.13,0,0.56,0.27,0.11,0.03,0,0,0,0.04
E14001509,St Helens North,lab,lab,0.13,0.05,0.59,0.05,0.01,0,0.17,0,0.27,0.52,0.06,0.04,0,0,0.11,0
E14001510,St Helens South and Whiston,lab,lab,0.1,0.04,0.67,0.04,0.01,0,0.15,0,0.21,0.58,0.06,0.04,0,0,0.11,0
E14001511,St Ives,con,ld,0.27,0.04,0.2,0.37,0.01,0,0.12,0,0.49,0.09,0.39,0.02,0,0,0,0.01
E14001512,St Neots and Mid Cambridgeshire,con,lab,0.28,0.04,0.31,0.22,0.01,0,0.14,0,0.51,0.19,0.27,0.02,0,0,0,0.01
E14001513,Stafford,con,lab,0.26,0.11,0.47,0.04,0.01,0,0.12,0,0.58,0.31,0.06,0.04,0,0,0,0
E14001514,Staffordshire Moorlands,con,lab,0.28,0.05,0.46,0.04,0,0,0.17,0,0.64,0.27,0.06,0.03,0,0,0,0
E14001515,Stalybridge and Hyde,lab,lab,0.15,0.03,0.6,0.03,0.02,0,0.16,0,0.38,0.45,0.04,0.03,0,0,0.08,0.01
E14001516,Stevenage,con,lab,0.23,0.04,0.41,0.06,0.04,0,0.22,0,0.53,0.35,0.09,0.03,0,0,0,0
E14001517,Stockport,lab,lab,0.12,0.04,0.63,0.06,0.01,0,0.14,0,0.28,0.54,0.09,0.04,0,0,0.05,0
E14001518,Stockton North,lab,lab,0.16,0.04,0.58,0.03,0,0,0.19,0,0.37,0.47,0.04,0,0,0,0.09,0.03
E14001519,Stockton West,con,lab,0.26,0.04,0.38,0.08,0.01,0,0.22,0,0.56,0.34,0.04,0.01,0,0,0.05,0
E14001520,Stoke-on-Trent Central,con,lab,0.17,0.07,0.42,0.03,0.02,0,0.28,0,0.47,0.43,0.04,0.02,0,0,0.04,0
E14001521,Stoke-on-Trent North,con,lab,0.23,0.04,0.47,0.06,0.02,0,0.19,0,0.54,0.35,0.03,0.01,0,0,0.06,0.01
E14001522,Stoke-on-Trent South,con,lab,0.32,0.06,0.33,0.08,0.03,0,0.18,0,0.63,0.3,0.06,0.02,0,0,0,0
E14001523,"Stone, Great Wyrley and Penkridge",con,lab,0.42,0.06,0.45,0.06,0.01,0,0,0,0.68,0.22,0.07,0.03,0,0,0,0
E14001524,Stourbridge,con,lab,0.28,0.05,0.45,0.06,0.01,0,0.16,0,0.62,0.29,0.06,0.02,0,0,0,0.01
E14001525,Stratford and Bow,lab,lab,0.09,0.08,0.63,0.11,0.02,0,0.07,0,0.15,0.7,0.09,0.04,0,0,0.02,0
E14001526,Stratford-on-Avon,con,con,0.29,0.05,0.24,0.22,0.03,0,0.18,0,0.6,0.11,0.25,0.04,0,0,0,0
E14001527,Streatham and Croydon North,lab,lab,0.1,0.05,0.65,0.11,0.01,0,0.07,0,0.19,0.58,0.18,0.04,0,0,0.01,0
E14001528,Stretford and Urmston,lab,lab,0.13,0.06,0.63,0.05,0.01,0,0.13,0,0.28,0.6,0.06,0.03,0,0,0.04,0
E14001529,Stroud,con,lab,0.18,0.08,0.51,0.03,0.01,0,0.19,0,0.46,0.42,0.02,0.08,0,0,0.01,0.01
E14001530,Suffolk Coastal,con,lab,0.32,0.06,0.42,0.1,0,0,0.11,0,0.56,0.21,0.15,0.04,0,0,0,0.03
E14001531,Sunderland Central,lab,lab,0.15,0.05,0.59,0.04,0,0,0.18,0,0.35,0.42,0.07,0.03,0,0,0.12,0.01
E14001532,Surrey Heath,con,con,0.32,0.08,0.2,0.25,0.01,0,0.14,0,0.58,0.09,0.28,0.04,0,0,0,0.01
E14001533,Sussex Weald,con,con,0.31,0.06,0.24,0.18,0.01,0,0.21,0,0.64,0.15,0.17,0.05,0,0,0,0
E14001534,Sutton and Cheam,con,ld,0.27,0.05,0.23,0.33,0.01,0,0.11,0,0.5,0.14,0.33,0.02,0,0,0,0
E14001535,Sutton Coldfield,con,lab,0.29,0.06,0.33,0.09,0.01,0,0.21,0,0.6,0.24,0.12,0.04,0,0,0,0
E14001536,Swindon North,con,lab,0.23,0.06,0.46,0.05,0.01,0,0.19,0,0.59,0.31,0.08,0.03,0,0,0,0
E14001537,Swindon South,con,lab,0.21,0.05,0.46,0.07,0.01,0,0.2,0,0.52,0.4,0.08,0.01,0,0,0,0
E14001538,Tamworth,con,lab,0.29,0.04,0.4,0.04,0.01,0,0.23,0,0.67,0.23,0.05,0.02,0,0,0,0.03
E14001539,Tatton,con,lab,0.3,0.05,0.4,0.1,0,0,0.15,0,0.57,0.22,0.16,0.04,0,0,0,0
E14001540,Taunton and Wellington,con,ld,0.24,0.02,0.18,0.41,0.02,0,0.13,0,0.52,0.08,0.36,0,0,0,0,0.04
E14001541,Telford,con,lab,0.26,0.06,0.45,0.04,0,0,0.18,0,0.59,0.34,0.06,0,0,0,0,0
E14001542,Tewkesbury,con,con,0.34,0.1,0.25,0.17,0.01,0,0.13,0,0.58,0.16,0.22,0.04,0,0,0,0
E14001543,The Wrekin,con,lab,0.27,0.05,0.3,0.13,0.01,0,0.24,0,0.65,0.24,0.08,0.03,0,0,0,0
E14001544,Thirsk and Malton,con,lab,0.33,0.05,0.4,0.09,0.02,0,0.12,0,0.63,0.18,0.12,0.04,0,0,0,0.03
E14001545,Thornbury and Yate,con,ld,0.31,0.03,0.18,0.35,0,0,0.13,0,0.58,0.09,0.33,0,0,0,0,0
E14001546,Thurrock,con,lab,0.27,0.06,0.4,0.04,0.01,0,0.21,0,0.6,0.33,0.03,0.02,0,0,0,0.02
E14001547,Tipton and Wednesbury,con,lab,0.22,0.05,0.44,0.04,0.02,0,0.22,0,0.51,0.38,0.03,0.02,0,0,0.06,0
E14001548,Tiverton and Minehead,con,con,0.32,0.06,0.2,0.29,0,0,0.13,0,0.61,0.14,0.19,0.04,0,0,0,0.01
E14001549,Tonbridge,con,con,0.34,0.16,0.24,0.08,0.01,0,0.17,0,0.65,0.15,0.12,0.08,0,0,0,0
E14001550,Tooting,lab,lab,0.14,0.07,0.62,0.09,0.01,0,0.07,0,0.28,0.53,0.14,0.04,0,0,0.01,0
E14001551,Torbay,con,con,0.31,0.06,0.18,0.28,0.01,0,0.15,0,0.59,0.13,0.24,0.02,0,0,0,0.01
E14001552,Torridge and Tavistock,con,con,0.29,0.04,0.24,0.25,0.04,0,0.14,0,0.6,0.18,0.18,0.03,0,0,0,0.01
E14001553,Tottenham,lab,lab,0.08,0.11,0.69,0.04,0.02,0,0.05,0,0.11,0.78,0.05,0.04,0,0,0.01,0
E14001554,Truro and Falmouth,con,lab,0.23,0.04,0.49,0.08,0.01,0,0.15,0,0.47,0.39,0.11,0.03,0,0,0,0.01
E14001555,Tunbridge Wells,con,ld,0.26,0.02,0.23,0.38,0.01,0,0.1,0,0.55,0.15,0.28,0,0,0,0,0.02
E14001556,Twickenham,ld,ld,0.18,0.03,0.13,0.57,0.01,0,0.08,0,0.34,0.09,0.56,0,0,0,0.01,0
E14001557,Tynemouth,lab,lab,0.17,0.04,0.55,0.05,0.01,0,0.18,0,0.4,0.47,0.07,0.02,0,0,0.04,0
E14001558,Uxbridge and South Ruislip,con,lab,0.27,0.04,0.52,0.05,0.02,0,0.11,0,0.53,0.37,0.07,0.03,0,0,0,0.01
E14001559,Vauxhall and Camberwell Green,lab,lab,0.11,0.09,0.6,0.11,0.02,0,0.06,0,0.15,0.6,0.19,0.04,0,0,0.02,0
E14001560,Wakefield and Rothwell,con,lab,0.18,0.03,0.54,0.05,0.08,0,0.12,0,0.45,0.4,0.11,0.01,0,0,0.03,0
E14001561,Wallasey,lab,lab,0.11,0.04,0.56,0.04,0.1,0,0.15,0,0.26,0.64,0.04,0.02,0,0,0.04,0
E14001562,Walsall and Bloxwich,con,lab,0.24,0.08,0.44,0.04,0.02,0,0.17,0,0.49,0.44,0.03,0.02,0,0,0.01,0.01
E14001563,Walthamstow,lab,lab,0.09,0.09,0.7,0.04,0.02,0,0.06,0,0.12,0.76,0.06,0.04,0,0,0.02,0.01
E14001564,Warrington North,lab,lab,0.2,0.06,0.51,0.06,0.01,0,0.16,0,0.41,0.44,0.07,0.03,0,0,0.06,0
E14001565,Warrington South,lab,lab,0.2,0.03,0.62,0.04,0.01,0,0.1,0,0.44,0.44,0.08,0,0,0,0.03,0
E14001566,Warwick and Leamington,lab,lab,0.21,0.08,0.53,0.08,0.02,0,0.1,0,0.41,0.43,0.11,0.03,0,0,0.01,0
E14001567,Washington and Gateshead South,lab,lab,0.14,0.06,0.5,0.04,0.01,0,0.25,0,0.34,0.43,0.05,0.03,0,0,0.14,0.02
E14001568,Watford,con,lab,0.25,0.06,0.43,0.15,0.02,0,0.1,0,0.42,0.39,0.18,0,0,0,0,0.01
E14001569,Waveney Valley,con,con,0.3,0.29,0.21,0.05,0.01,0,0.15,0,0.62,0.19,0.09,0.09,0,0,0,0.01
E14001570,Weald of Kent,con,con,0.41,0.08,0.29,0.07,0,0,0.16,0,0.72,0.14,0.1,0.04,0,0,0,0
E14001571,Wellingborough and Rushden,con,lab,0.3,0.08,0.38,0.05,0.01,0,0.18,0,0.62,0.28,0.07,0.03,0,0,0,0
E14001572,Wells and Mendip Hills,con,ld,0.28,0.05,0.21,0.3,0.01,0,0.15,0,0.56,0.11,0.31,0.01,0,0,0,0.01
E14001573,Welwyn Hatfield,con,lab,0.27,0.06,0.51,0.07,0,0,0.09,0,0.52,0.32,0.13,0.03,0,0,0,0
E14001574,West Bromwich,con,lab,0.2,0.07,0.46,0.04,0.03,0,0.21,0,0.47,0.42,0.04,0.02,0,0,0.04,0.01
E14001575,West Dorset,con,ld,0.35,0.05,0.18,0.41,0.01,0,0,0,0.54,0.09,0.33,0.04,0,0,0,0
E14001576,West Ham and Beckton,lab,lab,0.1,0.08,0.59,0.06,0.07,0,0.1,0,0.16,0.71,0.06,0.03,0,0,0.03,0.01
E14001577,West Lancashire,lab,lab,0.17,0.06,0.57,0.05,0,0,0.16,0,0.36,0.52,0.05,0.02,0,0,0.04,0
E14001578,West Suffolk,con,lab,0.33,0.07,0.34,0.12,0.01,0,0.13,0,0.64,0.22,0.09,0.04,0,0,0,0
E14001579,West Worcestershire,con,con,0.36,0.08,0.29,0.15,0.01,0,0.12,0,0.61,0.17,0.18,0.05,0,0,0,0
E14001580,Westmorland and Lonsdale,con,ld,0.25,0.02,0.11,0.48,0.01,0,0.13,0,0.5,0.07,0.41,0.01,0,0,0.01,0.01
E14001581,Weston-super-Mare,con,lab,0.24,0.08,0.37,0.08,0,0,0.23,0,0.57,0.28,0.12,0.03,0,0,0,0
E14001582,Wetherby and Easingwold,con,con,0.4,0.08,0.27,0.11,0.02,0,0.12,0,0.68,0.18,0.08,0.04,0,0,0,0.02
E14001583,Whitehaven and Workington,con,lab,0.23,0.03,0.56,0.03,0,0,0.15,0,0.48,0.44,0.04,0.01,0,0,0.02,0.01
E14001584,Widnes and Halewood,lab,lab,0.1,0.09,0.63,0.03,0.01,0,0.14,0,0.21,0.66,0.03,0.02,0,0,0.08,0
E14001585,Wigan,lab,lab,0.14,0.04,0.55,0.04,0.01,0,0.23,0,0.32,0.47,0.05,0.03,0,0,0.13,0
E14001586,Wimbledon,con,ld,0.22,0.04,0.26,0.41,0.01,0,0.06,0,0.4,0.21,0.38,0,0,0,0,0.01
E14001587,Winchester,con,ld,0.28,0.04,0.12,0.47,0,0,0.09,0,0.54,0.05,0.4,0.01,0,0,0,0
E14001588,Windsor,con,lab,0.26,0.05,0.26,0.19,0.01,0,0.23,0,0.56,0.2,0.19,0.03,0,0,0,0.02
E14001589,Wirral West,lab,lab,0.23,0.12,0.48,0.05,0,0,0.12,0,0.44,0.45,0.06,0.03,0,0,0.02,0
E14001590,Witham,con,lab,0.3,0.06,0.31,0.09,0.03,0,0.22,0,0.67,0.17,0.1,0.06,0,0,0,0
E14001591,Witney,con,ld,0.29,0.02,0.15,0.42,0.01,0,0.11,0,0.58,0.15,0.26,0,0,0,0,0.01
E14001592,Woking,con,ld,0.26,0.04,0.19,0.43,0.01,0,0.07,0,0.48,0.17,0.31,0.03,0,0,0,0.01
E14001593,Wokingham,con,con,0.34,0.1,0.25,0.21,0,0,0.1,0,0.55,0.1,0.32,0.02,0,0,0,0
E14001594,Wolverhampton North East,con,lab,0.26,0.12,0.42,0.05,0,0,0.15,0,0.56,0.36,0.04,0.02,0,0,0.03,0
E14001595,Wolverhampton South East,lab,lab,0.22,0.05,0.5,0.04,0.02,0,0.18,0,0.41,0.47,0.04,0.02,0,0,0.06,0
E14001596,Wolverhampton West,con,lab,0.23,0.04,0.48,0.04,0.05,0,0.16,0,0.47,0.46,0.04,0,0,0,0.02,0
E14001597,Worcester,con,lab,0.26,0.07,0.48,0.07,0.01,0,0.11,0,0.51,0.38,0.07,0.03,0,0,0,0.01
E14001598,Worsley and Eccles,lab,lab,0.17,0.03,0.57,0.07,0.02,0,0.13,0,0.39,0.47,0.05,0.03,0,0,0.07,0
E14001599,Worthing West,con,lab,0.26,0.06,0.42,0.06,0.01,0,0.19,0,0.56,0.3,0.1,0.04,0,0,0,0.01
E14001600,Wycombe,con,lab,0.22,0.09,0.43,0.09,0.03,0,0.13,0,0.43,0.4,0.11,0.03,0,0,0,0.03
E14001601,Wyre Forest,con,lab,0.28,0.07,0.35,0.06,0.01,0,0.22,0,0.65,0.23,0.08,0.04,0,0,0,0
E14001602,Wythenshawe and Sale East,lab,lab,0.15,0.05,0.64,0.04,0.01,0,0.12,0,0.3,0.53,0.07,0.03,0,0,0.06,0
E14001603,Yeovil,con,ld,0.27,0.05,0.14,0.41,0.01,0,0.12,0,0.58,0.06,0.31,0.03,0,0,0,0.02
E14001604,York Central,lab,lab,0.14,0.12,0.57,0.06,0.01,0,0.09,0,0.28,0.56,0.08,0.04,0,0,0.02,0.01
E14001605,York Outer,con,lab,0.2,0.04,0.37,0.13,0.01,0,0.24,0,0.5,0.3,0.19,0,0,0,0,0.01
S14000006,"Ayr, Carrick and Cumnock",snp,lab,0.17,0.03,0.42,0.03,0.01,0,0.09,0.25,0.39,0.13,0.05,0,0.44,0,0,0
S14000008,"Berwickshire, Roxburgh and Selkirk",con,lab,0.26,0.03,0.35,0.05,0.01,0,0.07,0.23,0.48,0.05,0.08,0,0.39,0,0,0
S14000010,Central Ayrshire,snp,snp,0.18,0.06,0.28,0.03,0.03,0,0.09,0.33,0.35,0.14,0.05,0,0.46,0,0,0
S14000021,East Renfrewshire,snp,lab,0.19,0.04,0.37,0.05,0.01,0,0.06,0.28,0.35,0.12,0.08,0,0.45,0,0,0
S14000027,Na h-Eileanan an Iar,snp,snp,0.13,0,0.31,0.07,0.01,0,0.06,0.42,0.22,0.28,0.04,0,0.45,0,0,0
S14000040,Kilmarnock and Loudoun,snp,snp,0.13,0.03,0.31,0.03,0.03,0,0.07,0.4,0.24,0.19,0.05,0,0.51,0,0,0.01
S14000045,Midlothian,snp,lab,0.1,0,0.49,0.05,0.01,0,0.05,0.3,0.22,0.3,0.07,0,0.42,0,0,0
S14000048,North Ayrshire and Arran,snp,snp,0.15,0.03,0.3,0.04,0.01,0,0.11,0.36,0.31,0.14,0.04,0.02,0.49,0,0,0
S14000051,Orkney and Shetland,ld,ld,0.08,0.05,0.15,0.37,0,0,0.18,0.18,0.1,0.07,0.45,0,0.34,0,0.04,0.01
S14000058,West Aberdeenshire and Kincardine,con,lab,0.24,0.03,0.29,0.08,0.01,0,0.09,0.28,0.43,0.05,0.12,0,0.41,0,0,0
S14000060,Aberdeen North,snp,snp,0.12,0.03,0.26,0.05,0.01,0,0.09,0.44,0.25,0.12,0.08,0.01,0.53,0,0.02,0
S14000061,Aberdeen South,snp,lab,0.16,0.03,0.37,0.06,0.01,0,0.07,0.29,0.34,0.09,0.11,0.01,0.45,0,0,0
S14000062,Aberdeenshire North and Moray East,con,snp,0.23,0,0.26,0.04,0,0,0.11,0.36,0.48,0.04,0.04,0,0.43,0,0,0
S14000063,Airdrie and Shotts,snp,lab,0.09,0,0.44,0.03,0.01,0,0.06,0.38,0.17,0.33,0.04,0.01,0.45,0,0,0
S14000064,Alloa and Grangemouth,snp,snp,0.11,0.03,0.34,0.09,0.01,0,0.06,0.36,0.25,0.15,0.05,0.01,0.53,0,0,0.01
S14000065,Angus and Perthshire Glens,snp,snp,0.2,0,0.21,0.05,0.01,0,0.07,0.47,0.4,0.04,0.05,0,0.5,0,0.01,0
S14000066,Arbroath and Broughty Ferry,snp,snp,0.15,0,0.25,0.07,0.01,0,0.07,0.46,0.3,0.1,0.08,0,0.51,0,0,0.01
S14000067,"Argyll, Bute and South Lochaber",snp,snp,0.19,0,0.23,0.12,0.01,0,0.09,0.37,0.35,0.07,0.14,0,0.44,0,0,0
S14000068,Bathgate and Linlithgow,snp,snp,0.14,0.06,0.32,0.06,0.01,0,0.1,0.32,0.25,0.19,0.08,0.02,0.43,0,0.02,0.01
S14000069,"Caithness, Sutherland and Easter Ross",snp,ld,0.12,0.03,0.2,0.35,0.01,0,0.06,0.23,0.17,0.05,0.34,0.01,0.39,0,0.03,0.01
S14000070,Coatbridge and Bellshill,snp,lab,0.07,0.04,0.37,0.02,0.02,0,0.14,0.34,0.12,0.36,0.03,0.02,0.47,0,0,0
S14000071,Cowdenbeath and Kirkcaldy,snp,lab,0.13,0.09,0.39,0.04,0.01,0,0.09,0.24,0.22,0.29,0.06,0.04,0.36,0,0.02,0
S14000072,Cumbernauld and Kirkintilloch,snp,snp,0.08,0.06,0.31,0.03,0,0,0.12,0.41,0.15,0.27,0.06,0,0.52,0,0,0
S14000073,Dumfries and Galloway,con,snp,0.25,0.04,0.25,0.05,0.01,0,0.1,0.3,0.44,0.09,0.06,0,0.41,0,0,0
S14000074,"Dumfriesshire, Clydesdale and Tweeddale",con,lab,0.25,0.03,0.35,0.04,0.01,0,0.08,0.23,0.46,0.08,0.07,0,0.38,0,0,0
S14000075,Dundee Central,snp,snp,0.05,0,0.28,0.02,0.01,0,0.14,0.51,0.11,0.24,0.06,0,0.56,0,0.03,0.01
S14000076,Dunfermline and Dollar,snp,snp,0.12,0.06,0.29,0.06,0.03,0,0.11,0.33,0.21,0.24,0.08,0.02,0.44,0,0,0
S14000077,East Kilbride and Strathaven,snp,lab,0.12,0.06,0.37,0.04,0.01,0,0.06,0.35,0.21,0.22,0.07,0.02,0.47,0,0,0.01
S14000078,Edinburgh East and Musselburgh,snp,lab,0.08,0.05,0.43,0.04,0.01,0,0.05,0.34,0.14,0.26,0.07,0.04,0.49,0,0,0
S14000079,Edinburgh North and Leith,snp,snp,0.11,0.06,0.31,0.09,0.01,0,0.07,0.35,0.18,0.22,0.13,0.03,0.44,0,0.01,0
S14000080,Edinburgh South,lab,lab,0.1,0.11,0.54,0.06,0.01,0,0.05,0.12,0.17,0.46,0.08,0.03,0.26,0,0,0
S14000081,Edinburgh South West,snp,snp,0.13,0.05,0.33,0.06,0.01,0,0.08,0.34,0.25,0.14,0.1,0.02,0.48,0,0.01,0
S14000082,Edinburgh West,ld,ld,0.14,0.07,0.22,0.3,0.01,0,0.06,0.2,0.18,0.09,0.38,0.02,0.33,0,0,0
S14000083,Falkirk,snp,snp,0.11,0.04,0.33,0.03,0.01,0,0.13,0.36,0.26,0.12,0.07,0.03,0.52,0,0,0
S14000084,Glasgow East,snp,lab,0.07,0.08,0.4,0.02,0.01,0,0.07,0.35,0.12,0.33,0.04,0.01,0.49,0,0,0
S14000085,Glasgow North,snp,lab,0.06,0.05,0.41,0.03,0.01,0,0.07,0.37,0.09,0.34,0.05,0.04,0.48,0,0.01,0
S14000086,Glasgow North East,snp,lab,0.08,0.07,0.39,0.03,0.01,0,0.06,0.37,0.11,0.38,0.03,0,0.48,0,0,0
S14000087,Glasgow South,snp,snp,0.08,0.09,0.33,0.04,0.03,0,0.06,0.37,0.13,0.29,0.06,0.03,0.48,0,0.01,0
S14000088,Glasgow South West,snp,lab,0.08,0.05,0.41,0.03,0.01,0,0.08,0.34,0.13,0.34,0.04,0.01,0.47,0,0.02,0
S14000089,Glasgow West,snp,lab,0.08,0.04,0.45,0.03,0.01,0,0.06,0.33,0.15,0.28,0.08,0,0.49,0,0,0
S14000090,Glenrothes and Mid Fife,snp,snp,0.09,0,0.36,0.03,0,0,0.07,0.45,0.15,0.27,0.04,0,0.49,0,0.03,0
S14000091,Gordon and Buchan,con,snp,0.26,0,0.22,0.1,0,0,0.09,0.33,0.46,0.04,0.11,0,0.39,0,0,0
S14000092,Hamilton and Clyde Valley,snp,lab,0.11,0,0.5,0.03,0.01,0,0.05,0.31,0.25,0.27,0.04,0,0.43,0,0,0
S14000093,Inverclyde and Renfrewshire West,snp,snp,0.11,0.04,0.36,0.04,0.01,0,0.07,0.38,0.18,0.28,0.06,0,0.47,0,0,0
S14000094,"Inverness, Skye and West Ross-shire",snp,snp,0.13,0.05,0.25,0.13,0.01,0,0.08,0.35,0.23,0.09,0.15,0.01,0.49,0,0.02,0
S14000095,Livingston,snp,snp,0.1,0.05,0.33,0.03,0.01,0,0.15,0.34,0.22,0.22,0.06,0.03,0.47,0,0,0
S14000096,Lothian East,snp,lab,0.14,0.05,0.53,0.03,0.01,0,0.07,0.18,0.27,0.3,0.06,0,0.35,0,0,0.01
S14000097,Mid Dunbartonshire,snp,ld,0.11,0.06,0.19,0.37,0.01,0,0.05,0.22,0.16,0.09,0.34,0.02,0.38,0,0,0.01
S14000098,"Moray West, Nairn and Strathspey",snp,snp,0.22,0.05,0.2,0.06,0.01,0,0.1,0.36,0.41,0.05,0.06,0.01,0.46,0,0.01,0.01
S14000099,"Motherwell, Wishaw and Carluke",snp,lab,0.11,0.04,0.43,0.02,0.01,0,0.07,0.32,0.21,0.27,0.04,0,0.46,0,0,0.01
S14000100,North East Fife,snp,ld,0.1,0.03,0.25,0.33,0,0,0.05,0.24,0.14,0.05,0.4,0,0.41,0,0,0
S14000101,Paisley and Renfrewshire North,snp,lab,0.1,0.03,0.4,0.04,0,0,0.09,0.35,0.2,0.24,0.08,0,0.49,0,0,0
S14000102,Paisley and Renfrewshire South,snp,snp,0.11,0.03,0.37,0.04,0.01,0,0.06,0.39,0.18,0.26,0.06,0,0.5,0,0,0
S14000103,Perth and Kinross-shire,snp,snp,0.19,0,0.22,0.06,0.01,0,0.15,0.38,0.41,0.05,0.08,0,0.45,0,0.01,0
S14000104,Rutherglen,snp,lab,0.1,0,0.47,0.04,0.01,0,0.05,0.35,0.17,0.31,0.07,0,0.43,0,0,0.01
S14000105,Stirling and Strathallan,snp,snp,0.17,0.05,0.3,0.06,0,0,0.07,0.34,0.35,0.08,0.06,0.02,0.5,0,0,0
S14000106,West Dunbartonshire,snp,snp,0.09,0.04,0.35,0.04,0.02,0,0.07,0.4,0.14,0.29,0.04,0.02,0.5,0,0,0.02
W07000081,Aberafan Maesteg,lab,lab,0.11,0.03,0.58,0.02,0.01,0.11,0.13,0,0.23,0.53,0.04,0.02,0,0.09,0.09,0.02
W07000082,Alyn and Deeside,lab,lab,0.17,0.03,0.38,0.07,0.04,0.07,0.24,0,0.42,0.43,0.06,0,0,0.03,0.06,0
W07000083,Bangor Aberconwy,con,lab,0.16,0.03,0.43,0.03,0.01,0.17,0.16,0,0.4,0.38,0.04,0,0,0.16,0.01,0
W07000084,Blaenau Gwent and Rhymney,lab,lab,0.17,0.05,0.6,0.04,0.01,0.12,0,0,0.2,0.5,0.04,0.01,0,0.06,0.18,0.01
W07000085,"Brecon, Radnor and Cwm Tawe",con,con,0.27,0.03,0.27,0.24,0.01,0.09,0.09,0,0.47,0.18,0.29,0,0,0.03,0.02,0.01
W07000086,Bridgend,con,lab,0.21,0.05,0.44,0.04,0.01,0.09,0.16,0,0.44,0.38,0.05,0.02,0,0.05,0.05,0
W07000087,Caerfyrddin,con,pc,0.18,0.02,0.26,0.03,0.06,0.37,0.08,0,0.39,0.25,0.01,0,0,0.31,0.04,0
W07000088,Caerphilly,lab,lab,0.14,0.03,0.53,0.01,0,0.17,0.13,0,0.29,0.44,0.01,0,0,0.15,0.12,0
W07000089,Cardiff East,lab,lab,0.12,0.06,0.57,0.08,0.02,0.06,0.09,0,0.23,0.59,0.12,0.01,0,0.01,0.03,0.01
W07000090,Cardiff North,lab,lab,0.19,0.06,0.51,0.04,0,0.08,0.1,0,0.36,0.5,0.07,0.01,0,0.03,0.03,0.01
W07000091,Cardiff South and Penarth,lab,lab,0.16,0.05,0.54,0.05,0,0.11,0.09,0,0.3,0.54,0.07,0.02,0,0.04,0.03,0
W07000092,Cardiff West,lab,lab,0.14,0.03,0.54,0.03,0.01,0.12,0.12,0,0.3,0.5,0.05,0.02,0,0.09,0.04,0
W07000093,Ceredigion Preseli,pc,pc,0.13,0.03,0.28,0.08,0.01,0.37,0.1,0,0.28,0.21,0.15,0.01,0,0.31,0.04,0
W07000094,Clwyd East,con,lab,0.24,0.02,0.47,0.04,0.01,0.08,0.13,0,0.48,0.38,0.05,0,0,0.05,0.04,0
W07000095,Clwyd North,con,lab,0.21,0.03,0.45,0.04,0,0.1,0.16,0,0.46,0.4,0.05,0,0,0.07,0.02,0
W07000096,Dwyfor Meirionnydd,pc,pc,0.11,0.07,0.16,0.02,0.01,0.55,0.08,0,0.26,0.23,0,0,0,0.46,0.05,0
W07000097,Gower,lab,lab,0.19,0.03,0.5,0.04,0.01,0.09,0.15,0,0.4,0.46,0.06,0,0,0.05,0.03,0
W07000098,Llanelli,lab,lab,0.12,0.02,0.42,0.01,0.01,0.22,0.2,0,0.31,0.39,0,0,0,0.21,0.09,0
W07000099,Merthyr Tydfil and Aberdare,lab,lab,0.12,0.06,0.5,0.03,0.03,0.12,0.13,0,0.21,0.52,0.03,0,0,0.08,0.11,0.05
W07000100,Mid and South Pembrokeshire,con,lab,0.22,0.02,0.44,0.03,0.01,0.08,0.2,0,0.53,0.37,0.05,0,0,0.05,0,0
W07000101,Monmouthshire,con,lab,0.25,0.05,0.39,0.08,0.01,0.06,0.16,0,0.52,0.32,0.1,0.03,0,0.02,0.01,0.01
W07000102,Montgomeryshire and Glyndwr,con,lab,0.24,0.03,0.39,0.09,0,0.07,0.19,0,0.54,0.25,0.17,0,0,0.02,0.01,0.01
W07000103,Neath and Swansea East,lab,lab,0.14,0.04,0.53,0.03,0,0.12,0.15,0,0.28,0.47,0.04,0.02,0,0.09,0.09,0.01
W07000104,Newport East,lab,lab,0.17,0.04,0.56,0.04,0.01,0.07,0.12,0,0.36,0.47,0.06,0.02,0,0.03,0.06,0
W07000105,Newport West and Islwyn,lab,lab,0.15,0.03,0.53,0.03,0.01,0.07,0.19,0,0.38,0.42,0.05,0.02,0,0.05,0.09,0
W07000106,Pontypridd,lab,lab,0.14,0.04,0.5,0.02,0.02,0.14,0.14,0,0.27,0.47,0.01,0,0,0.11,0.08,0.05
W07000107,Rhondda and Ogmore,lab,lab,0.08,0.03,0.66,0.01,0,0.12,0.1,0,0.15,0.56,0.02,0.01,0,0.12,0.12,0.01
W07000108,Swansea West,lab,lab,0.13,0.04,0.47,0.06,0.01,0.1,0.18,0,0.29,0.51,0.06,0.01,0,0.06,0.07,0
W07000109,Torfaen,lab,lab,0.15,0.04,0.49,0.04,0.01,0.07,0.21,0,0.33,0.43,0.05,0.02,0,0.04,0.13,0
W07000110,Vale of Glamorgan,con,lab,0.21,0.09,0.51,0.01,0.01,0.04,0.13,0,0.49,0.44,0,0.06,0,0,0,0.01
W07000111,Wrexham,con,lab,0.17,0.03,0.43,0.02,0.07,0.08,0.2,0,0.47,0.38,0.04,0.01,0,0.06,0.04,0
W07000112,Ynys Mn,con,lab,0.14,0.02,0.38,0.02,0.01,0.31,0.12,0,0.35,0.3,0,0,0,0.29,0.06,0